route_id,service_id,trip_id,trip_headsign,trip_short_name,direction_id,block_id,shape_id
R23,201072714888219,14888219,,10219,0,,
R6,200907514889670,14889670,,10624,0,,
R27,200969814887584,14887584,,901241,0,,
RE6,201022714885139,14885139,,2606,0,,
XP1,201022114890275,14890275,,900362,0,,
R36,200938614889824,14889824,,10668,0,,
S6,200942614902557,14902557,,24641,0,,
R31,201089514885613,14885613,,10095,0,,
S9,201070014888196,14888196,,931442,0,,
S9,201014414890231,14890231,,24976,0,,
R28,200991914890116,14890116,,2949,0,,
R27,200821114883738,14883738,,902218,0,,
XP1,200969714889989,14889989,,900332,0,,
XP2,201084614890587,14890587,,910333,0,,
S1,200958214889940,14889940,,24023,0,,
RE8,200849214889427,14889427,,2829,0,,
S6,201144114902582,14902582,,24646,0,,
S13,200851514889376,14889376,,24338,0,,
XP2,201089314890621,14890621,,2975,0,,
S1,201074614888232,14888232,,24116,0,,
RE13,201056714885368,14885368,,2360,0,,
RE13,201008914890201,14890201,,2354,0,,
R21,201185714888910,14888910,,25315,0,,
XP1,200875114889496,14889496,,900315,0,,
S4,201183214891075,14891075,,900747,0,,
RE13,200994314887770,14887770,,2317,0,,
R22,200997614897484,14897484,,902030,0,,
R2,201105914888427,14888427,,22660,0,,
R8,201149514890905,14890905,,10844,0,,
R6,200884914889558,14889558,,10643,0,,
S50,201129514890805,14890805,,25585,0,,
R36,200818014886616,14886616,,10681,0,,
R3,200959614887516,14887516,,901950,0,,
S5,200853814886836,14886836,,24545,0,,
S11,201103514890694,14890694,,25067,0,,
RE6,201123014890785,14890785,,2624,0,,
XP1,200920714889731,14889731,,900326,0,,
R3,200818214889226,14889226,,914921,0,,
S4,201169714886168,14886168,,902744,0,,
XP2,200933214889782,14889782,,910343,0,,
R28,200984914890057,14890057,,910349,0,,
S7,200943314889857,14889857,,24760,0,,
RE2,200830414889284,14889284,,2201,0,,
S13,200858014889430,14889430,,24327,0,,
S40,200830714886701,14886701,,25420,0,,
RE11,200977014890020,14890020,,2166,0,,
XP2,200838614889319,14889319,,910358,0,,
S13,201101814890682,14890682,,24365,0,,
R5,200857714889428,14889428,,10528,0,,
S11,201101514890680,14890680,,25082,0,,
R21,201087614890607,14890607,,25337,0,,
R17,201068814890510,14890510,,900132,0,,
S9,200913014887214,14887214,,24967,0,,
S6,200896514902552,14902552,,24640,0,,
RE6,201124414890795,14890795,,2622,0,,
S5,200950214887452,14887452,,24524,0,,
XP2,201187714891108,14891108,,2954,0,,
R3,200986414890072,14890072,,910988,0,,
R28,201089214890620,14890620,,2913,0,,
R17,200967614889975,14889975,,900191,0,,
S40,200978214887634,14887634,,25464,0,,
S3,201118014890760,14890760,,900844,0,,
S2,200797414901887,14901887,,24220,0,,
R4,200912814889688,14889688,,10913,0,,
S9,200804414886517,14886517,,24955,0,,
S1,201124314890792,14890792,,24155,0,,
R17,200890214889589,14889589,,900129,0,,
R4,200887414889570,14889570,,10904,0,,
S11,201147714890884,14890884,,25021,0,,
S50,200834914889298,14889298,,25589,0,,
R1,200956414887497,14887497,,10114,0,,
R39,201125514890797,14890797,,10793,0,,
R13,200974614890009,14890009,,10313,0,,
S50,200933414889784,14889784,,928362,0,,
S1,201157514890953,14890953,,24018,0,,
S5,201154014886054,14886054,,24585,0,,
R2,201090214890632,14890632,,22643,0,,
R28,201135214890842,14890842,,910315,0,,
S11,201147614890883,14890883,,25041,0,,
R27,201116314888491,14888491,,901283,0,,
S6,200996714902666,14902666,,24667,0,,
RE4,200865114889459,14889459,,2430,0,,
S3,200984414890052,14890052,,900877,0,,
S10,201137914890861,14890861,,25177,0,,
S9,201168414891008,14891008,,934463,0,,
RE1,200812514883676,14883676,,902024,0,,
S9,201167214891003,14891003,,934422,0,,
R4,201096414901188,14901188,,10941,0,,
S3,201015514890236,14890236,,900830,0,,
R4,201070614890519,14890519,,10940,0,,
S5,201049214888061,14888061,,24552,0,,
R3,201017114887876,14887876,,911914,0,,
S3,201034214890327,14890327,,900849,0,,
S1,200866114889465,14889465,,24163,0,,
R38,200950014889889,14889889,,10877,0,,
S13,201055814890458,14890458,,24343,0,,
R14,200997314890154,14890154,,25843,0,,
RE80,200954214889921,14889921,,25511,0,,
R28,200989614890090,14890090,,2952,0,,
R16,200985014890058,14890058,,900637,0,,
S13,201007114890190,14890190,,24370,0,,
RE8,201042814890447,14890447,,2834,0,,
R18,201070314888199,14888199,,10431,0,,
RE2,200991414890109,14890109,,2235,0,,
R12,201122714888541,14888541,,10294,0,,
S1,201151714890925,14890925,,24033,0,,
S8,200910214887201,14887201,,24830,0,,
R17,200818614889229,14889229,,900110,0,,
R8,200853314889394,14889394,,10838,0,,
RE4,201073114890533,14890533,,2431,0,,
S4,201165814886133,14886133,,902782,0,,
S11,200903614884317,14884317,,25263,0,,
R22,200874814889493,14889493,,900031,0,,
R31,200938514889823,14889823,,10045,0,,
R23,201149914890911,14890911,,10213,0,,
R22,201158914890959,14890959,,900078,0,,
RE13,201141214885980,14885980,,2309,0,,
R16,201063914890487,14890487,,900676,0,,
RE2,200911114889683,14889683,,2247,0,,
S8,201095214890739,14890739,,24868,0,,
S4,201037114890355,14890355,,900787,0,,
R14,200904914889622,14889622,,25823,0,,
R21,201136814890852,14890852,,25304,0,,
S13,200952514889906,14889906,,24372,0,,
RE7,200935514889804,14889804,,900125,0,,
R38,200886214889563,14889563,,10889,0,,
R17,200967214884742,14884742,,902113,0,,
S11,201151314886037,14886037,,25231,0,,
S4,201132714890825,14890825,,900765,0,,
S1,201025814887932,14887932,,24117,0,,
S1,201102214890683,14890683,,24098,0,,
R38,201121614890778,14890778,,10883,0,,
R14,200847614889403,14889403,,25839,0,,
XP2,201185014891088,14891088,,2979,0,,
R2,200942014889852,14889852,,22666,0,,
XP1,200874214889488,14889488,,900347,0,,
S13,201153114886048,14886048,,24332,0,,
RE11,201174614891031,14891031,,2157,0,,
S5,201151214888705,14888705,,24531,0,,
S4,201036714890351,14890351,,900731,0,,
R28,201038414890363,14890363,,2919,0,,
RE2,201162214890977,14890977,,2214,0,,
S9,200924914887291,14887291,,24919,0,,
R35,200955914887494,14887494,,10560,0,,
S11,201051614890429,14890429,,25078,0,,
S2,201044414902239,14902239,,24252,0,,
R4,201022614887911,14887911,,10943,0,,
S5,201103214890693,14890693,,24551,0,,
S6,200845114902774,14902774,,24709,0,,
RE80,200902214889642,14889642,,25527,0,,
RE11,200926214889753,14889753,,2158,0,,
R36,200880814889535,14889535,,10675,0,,
R28,201137214890855,14890855,,2956,0,,
S11,200857314889423,14889423,,25017,0,,
R21,200842614889348,14889348,,25334,0,,
S5,201049014885298,14885298,,24576,0,,
S1,201124214890791,14890791,,24166,0,,
R16,201132914890823,14890823,,900681,0,,
R8,200852914889387,14889387,,10819,0,,
S4,201083214890576,14890576,,900711,0,,
S2,201141614902151,14902151,,24244,0,,
R6,200884514889557,14889557,,10629,0,,
R16,200819714889235,14889235,,900644,0,,
R38,200972714890006,14890006,,10879,0,,
R17,200820314886633,14886633,,901139,0,,
R3,201182314886245,14886245,,902980,0,,
S3,200967514889974,14889974,,900824,0,,
R18,201070714888202,14888202,,10429,0,,
S11,201052114885333,14885333,,25229,0,,
S7,200939114887390,14887390,,24720,0,,
R38,200825314883771,14883771,,10894,0,,
S9,200816014886601,14886601,,24924,0,,
S3,200968614889980,14889980,,900858,0,,
S50,201030914890311,14890311,,25565,0,,
R31,200881114889538,14889538,,10032,0,,
R17,201117714890758,14890758,,900141,0,,
S6,201144714902762,14902762,,24702,0,,
R6,200909014889674,14889674,,10639,0,,
S13,200955514889927,14889927,,24354,0,,
S3,201083614890578,14890578,,900865,0,,
R13,200865914889463,14889463,,10308,0,,
S1,201025514890291,14890291,,24158,0,,
R1,201141114890881,14890881,,10120,0,,
S11,201097914890640,14890640,,25020,0,,
R3,200854114886841,14886841,,901921,0,,
S11,201148014888668,14888668,,25076,0,,
R8,201001414890146,14890146,,10842,0,,
S9,201026514887936,14887936,,24935,0,,
R2,201041514890389,14890389,,22670,0,,
RE1,200812214883674,14883674,,902081,0,,
S5,200951014889897,14889897,,24538,0,,
RE11,201126014890800,14890800,,2173,0,,
RE2,200829614889281,14889281,,2204,0,,
S4,201036514890349,14890349,,900725,0,,
R16,200889214887083,14887083,,901645,0,,
R28,201185114891089,14891089,,2970,0,,
R3,201180714891054,14891054,,910980,0,,
S8,201111314888456,14888456,,24850,0,,
RE13,200810514886567,14886567,,3006,0,,
S2,200846514902019,14902019,,24232,0,,
S11,200851414889372,14889372,,25073,0,,
R3,201016814885082,14885082,,912973,0,,
R4,201121714885840,14885840,,10906,0,,
S13,200858514889433,14889433,,24326,0,,
S3,200888614889577,14889577,,900874,0,,
R2,201041814890391,14890391,,22623,0,,
R1,200810214889194,14889194,,10139,0,,
S40,200978614887636,14887636,,25424,0,,
S13,201007514890193,14890193,,24320,0,,
S3,201182214891066,14891066,,900815,0,,
S3,201169314891012,14891012,,900840,0,,
S6,200847914902484,14902484,,24620,0,,
R14,200800114889149,14889149,,25846,0,,
R6,201139814885968,14885968,,10608,0,,
R17,201170014886171,14886171,,902147,0,,
R11,201164714890988,14890988,,10191,0,,
S4,201115814885783,14885783,,902784,0,,
R38,201121414890776,14890776,,10866,0,,
R14,200897414889615,14889615,,25826,0,,
R36,201186514891098,14891098,,10666,0,,
S9,200915514887233,14887233,,931468,0,,
R17,201063614888156,14888156,,901143,0,,
R6,200907314889668,14889668,,10627,0,,
S1,200854914889411,14889411,,24091,0,,
S13,200903314889652,14889652,,24340,0,,
S10,201071214890525,14890525,,25169,0,,
S9,201014114887852,14887852,,24947,0,,
S7,200796514889858,14889858,,24737,0,,
R23,201149014888681,14888681,,10218,0,,
S1,200923614887285,14887285,,24124,0,,
R28,201038314890365,14890365,,2941,0,,
R4,201121514890777,14890777,,10935,0,,
R28,201087714890608,14890608,,2964,0,,
S13,200898914889606,14889606,,24322,0,,
RE2,201186014886278,14886278,,2224,0,,
S1,201074814888234,14888234,,24119,0,,
R5,200808914889190,14889190,,10539,0,,
RE6,201028014890302,14890302,,2617,0,,
S8,200961414887527,14887527,,24851,0,,
S1,201025114890290,14890290,,24164,0,,
R23,201188814888936,14888936,,10233,0,,
RE2,201163114890981,14890981,,2215,0,,
R28,201183114891074,14891074,,910365,0,,
S10,200956914889934,14889934,,25154,0,,
R31,201155214888730,14888730,,10021,0,,
R22,200917614889713,14889713,,914014,0,,
S10,200842714889349,14889349,,25179,0,,
S11,200855514883975,14883975,,25265,0,,
S1,201026014890294,14890294,,24173,0,,
S8,200814814886595,14886595,,24875,0,,
S1,200803214889135,14889135,,24181,0,,
S11,201054314885352,14885352,,25253,0,,
R38,200948914889870,14889870,,10871,0,,
R6,200907414889669,14889669,,10633,0,,
S13,200957114889936,14889936,,24363,0,,
S3,201083014890574,14890574,,900825,0,,
R28,200842514889347,14889347,,2968,0,,
S50,200938314889821,14889821,,25563,0,,
R8,201099814888369,14888369,,10812,0,,
S9,200816914889218,14889218,,24977,0,,
S30,201040614890381,14890381,,25348,0,,
RE5,201165014890991,14890991,,2524,0,,
R28,200934014889790,14889790,,910384,0,,
R27,201021814887907,14887907,,901254,0,,
S11,201054214885350,14885350,,25243,0,,
R38,200973714884794,14884794,,10852,0,,
RE80,200951814889904,14889904,,25524,0,,
S13,200954014889913,14889913,,24379,0,,
S13,201150814890920,14890920,,24380,0,,
S8,201142114890969,14890969,,24884,0,,
S13,201005514890178,14890178,,24376,0,,
R14,201096214890657,14890657,,25835,0,,
R2,201155914888736,14888736,,22629,0,,
S13,201005814890181,14890181,,24341,0,,
R28,201039914890374,14890374,,2984,0,,
XP2,200935114889798,14889798,,910368,0,,
XP2,201133914890832,14890832,,910382,0,,
R28,200985614890064,14890064,,910312,0,,
R27,201115914888487,14888487,,901273,0,,
R31,200844014886794,14886794,,10058,0,,
RE80,200903714889653,14889653,,25519,0,,
S4,200820414883733,14883733,,902756,0,,
S9,200887714887070,14887070,,24932,0,,
S9,201163814888780,14888780,,24986,0,,
R28,200843314889355,14889355,,2973,0,,
R23,201002014887765,14887765,,10241,0,,
S5,200855714889413,14889413,,24543,0,,
R22,201168114888809,14888809,,911012,0,,
R36,200879614889526,14889526,,10667,0,,
S9,201112314890742,14890742,,24917,0,,
S1,201107614890719,14890719,,24024,0,,
S9,200971014889993,14889993,,934421,0,,
S5,201105014888418,14888418,,24581,0,,
S9,200911014889682,14889682,,24949,0,,
R38,200804014883596,14883596,,10897,0,,
R14,201143114890899,14890899,,25847,0,,
RE2,200826214883779,14883779,,2278,0,,
S9,200863714889456,14889456,,934472,0,,
R22,201058414890464,14890464,,900054,0,,
S6,200994714902536,14902536,,24636,0,,
S50,201030414890307,14890307,,25580,0,,
S5,201151814888710,14888710,,24537,0,,
S11,201105114890708,14890708,,25063,0,,
S8,201143014890968,14890968,,24877,0,,
RE13,200802414886505,14886505,,2323,0,,
R13,200977614890024,14890024,,10332,0,,
S4,200822414883751,14883751,,902748,0,,
RE80,200803114889134,14889134,,25515,0,,
S2,201092614902349,14902349,,24262,0,,
R31,200956614887499,14887499,,10026,0,,
R16,201041014890384,14890384,,900621,0,,
XP1,200837314889310,14889310,,900389,0,,
R34,200861214886888,14886888,,10480,0,,
RE3,200901614889635,14889635,,900978,0,,
S3,200984314890050,14890050,,900823,0,,
RE4,200880214889529,14889529,,2435,0,,
R22,200959514889946,14889946,,900066,0,,
S2,200850314902371,14902371,,24264,0,,
RE2,200911514889685,14889685,,2248,0,,
S9,200886414889564,14889564,,24928,0,,
S1,200829114886693,14886693,,24122,0,,
RE8,200799814889204,14889204,,2855,0,,
S2,200996614901909,14901909,,24222,0,,
S4,201182914891072,14891072,,900759,0,,
R28,200843814889359,14889359,,2962,0,,
RE1,201132814885907,14885907,,902071,0,,
R11,200914114887222,14887222,,10181,0,,
RE8,201091114890707,14890707,,2818,0,,
R18,200972814887603,14887603,,10416,0,,
R6,201001814884958,14884958,,10607,0,,
RE13,201009114890202,14890202,,2356,0,,
R25,201137014888628,14888628,,11254,0,,
S3,200838414889317,14889317,,900821,0,,
R31,200841714889342,14889342,,10061,0,,
S50,201040414890379,14890379,,25592,0,,
S3,200916514889705,14889705,,900848,0,,
RE2,201023814885149,14885149,,2256,0,,
S50,201035414890340,14890340,,928324,0,,
S1,200866614886930,14886930,,24147,0,,
S9,200889514887085,14887085,,931412,0,,
R3,201109214888445,14888445,,901945,0,,
R12,201025314890288,14890288,,10297,0,,
XP2,201138014890862,14890862,,2931,0,,
R1,200941514889848,14889848,,10115,0,,
XP2,201138914890869,14890869,,2959,0,,
S4,201134914890839,14890839,,900745,0,,
RE5,201175814891035,14891035,,2529,0,,
S5,200954814889919,14889919,,24570,0,,
RE5,200831314889289,14889289,,2577,0,,
S6,200797614902528,14902528,,24634,0,,
R34,201056614890459,14890459,,10454,0,,
S3,200837814889312,14889312,,900847,0,,
S7,201142714890901,14890901,,24752,0,,
RE80,200856414889416,14889416,,25521,0,,
S13,200855914889415,14889415,,24348,0,,
R28,200880714889534,14889534,,2966,0,,
R38,201048714890405,14890405,,10857,0,,
R6,201010514885029,14885029,,10609,0,,
S9,200823714886656,14886656,,931455,0,,
S6,200798714902512,14902512,,24630,0,,
R38,200959014884687,14884687,,10855,0,,
R8,200803514886509,14886509,,10829,0,,
S13,201004214890170,14890170,,24369,0,,
S5,201150714890919,14890919,,24511,0,,
R8,200949714889885,14889885,,10835,0,,
S2,201142214902118,14902118,,24241,0,,
S40,201076214888243,14888243,,25416,0,,
S50,201181714891063,14891063,,928318,0,,
RE3,201152314890927,14890927,,900934,0,,
S10,200843114889353,14889353,,25172,0,,
S13,200901214889631,14889631,,24364,0,,
S4,200985114890059,14890059,,900727,0,,
RE6,200827614889275,14889275,,2668,0,,
R3,200984114890048,14890048,,910909,0,,
RE6,201073814890536,14890536,,2632,0,,
RE2,201185414886273,14886273,,2223,0,,
S3,201133614890829,14890829,,900887,0,,
S11,200953514889911,14889911,,25018,0,,
R11,201164314888784,14888784,,10172,0,,
R11,200817714886613,14886613,,10155,0,,
RE2,201188914886306,14886306,,2277,0,,
S1,201099014890651,14890651,,24182,0,,
S8,200814014886583,14886583,,24835,0,,
RE5,201113414890746,14890746,,2517,0,,
R3,201134014890833,14890833,,910986,0,,
RE2,200879114889522,14889522,,2243,0,,
S8,200885414887055,14887055,,24826,0,,
RE3,201102514890685,14890685,,900939,0,,
R31,200808014889184,14889184,,10052,0,,
S50,201079614890553,14890553,,25571,0,,
S8,200814614886591,14886591,,24819,0,,
S5,201103014888401,14888401,,24532,0,,
R7,201186714891100,14891100,,10741,0,,
S13,200955214889924,14889924,,24334,0,,
S5,201004114890169,14890169,,24595,0,,
S11,200951514884638,14884638,,25251,0,,
S11,201097814890639,14890639,,25072,0,,
S9,201162714890980,14890980,,24961,0,,
R35,201055514890457,14890457,,10583,0,,
R4,200815614889215,14889215,,10910,0,,
R22,200890314884237,14884237,,912057,0,,
R17,200968214889978,14889978,,900123,0,,
RE2,201161914890975,14890975,,2218,0,,
R7,201138314890864,14890864,,10733,0,,
XP2,200984614890054,14890054,,910309,0,,
R16,201120814888527,14888527,,901641,0,,
S9,201020814887897,14887897,,931431,0,,
R17,200968414887573,14887573,,901177,0,,
R22,200888414884221,14884221,,912047,0,,
R17,200972414884784,14884784,,902121,0,,
RE2,201014014890230,14890230,,2212,0,,
S9,201116114888489,14888489,,931463,0,,
R14,200847114889393,14889393,,25850,0,,
RE8,200995514890168,14890168,,2824,0,,
S8,200797714889212,14889212,,24840,0,,
R18,201171514888829,14888829,,10437,0,,
XP1,200891214889595,14889595,,900394,0,,
S11,201003314887778,14887778,,25080,0,,
R34,200804914886531,14886531,,10483,0,,
S30,201040214890377,14890377,,25352,0,,
R8,201100814890673,14890673,,10815,0,,
R16,200875714889502,14889502,,900669,0,,
R22,201068914885448,14885448,,912068,0,,
S11,200902414889644,14889644,,25039,0,,
S4,201168214886155,14886155,,902774,0,,
R35,200956114889931,14889931,,10587,0,,
R16,200874514889490,14889490,,900631,0,,
S4,200919314884423,14884423,,902754,0,,
R39,200990314890099,14890099,,10792,0,,
R28,200875914889503,14889503,,910331,0,,
R4,200816714883704,14883704,,10944,0,,
RE80,200856314889417,14889417,,25533,0,,
S4,200970014884766,14884766,,902712,0,,
S8,201011414887836,14887836,,24839,0,,
S8,201093414890738,14890738,,24860,0,,
S2,201142314902096,14902096,,24239,0,,
S9,200915914887236,14887236,,931421,0,,
S4,201165314886126,14886126,,902726,0,,
S8,201043114890470,14890470,,24869,0,,
S5,200950914887458,14887458,,24564,0,,
R4,200921414884436,14884436,,10905,0,,
R37,201057014888122,14888122,,10754,0,,
R22,200822814889252,14889252,,910032,0,,
R23,200803814886511,14886511,,10237,0,,
R27,200824214886660,14886660,,901276,0,,
RE8,200944414889922,14889922,,2837,0,,
R28,201036614890350,14890350,,910332,0,,
S3,200891414889597,14889597,,900852,0,,
S50,200843514889357,14889357,,25591,0,,
S10,200938214889820,14889820,,25163,0,,
R8,200798214886508,14886508,,10806,0,,
S9,200822514886645,14886645,,931472,0,,
R28,200989114890088,14890088,,2944,0,,
S3,200891614889598,14889598,,900868,0,,
R2,200905214889660,14889660,,22608,0,,
S1,200924314887287,14887287,,24134,0,,
R4,200906514889665,14889665,,10928,0,,
R38,200949214889875,14889875,,10868,0,,
S2,200945314902195,14902195,,24248,0,,
S13,200807714889181,14889181,,24324,0,,
R22,200812014886575,14886575,,901011,0,,
S5,201102014890681,14890681,,24530,0,,
R34,201170914888824,14888824,,10477,0,,
S1,200810114889193,14889193,,24014,0,,
S7,201093514890636,14890636,,24744,0,,
R37,201154614890939,14890939,,10782,0,,
R16,201135614890844,14890844,,900685,0,,
R7,201027714890301,14890301,,10740,0,,
R17,201018414890254,14890254,,900117,0,,
RE8,201091514890696,14890696,,2833,0,,
XP1,201036014890346,14890346,,900351,0,,
R28,200935014889797,14889797,,910348,0,,
S9,200963914887539,14887539,,24946,0,,
R12,201172314891023,14891023,,10296,0,,
RE5,200817514889222,14889222,,2541,0,,
RE8,201159114888754,14888754,,2876,0,,
RE3,200977314887631,14887631,,909901,0,,
S8,200909814887194,14887194,,24816,0,,
RE80,200805314889160,14889160,,25529,0,,
R11,200965514887547,14887547,,10156,0,,
RE13,201041614890390,14890390,,2349,0,,
R35,201007814890196,14890196,,10575,0,,
S5,201104614890703,14890703,,24510,0,,
RE1,201035714890343,14890343,,900067,0,,
R16,200933114889781,14889781,,900625,0,,
S13,200999914890129,14890129,,24321,0,,
XP1,200918614889720,14889720,,900372,0,,
S1,200828414886686,14886686,,24126,0,,
R18,200856214886854,14886854,,10434,0,,
R38,200948614889876,14889876,,10874,0,,
S5,200899514887117,14887117,,24516,0,,
XP2,201139314890872,14890872,,2955,0,,
S3,201119514890768,14890768,,900884,0,,
R13,201076314888244,14888244,,10309,0,,
R14,200943014889874,14889874,,25871,0,,
R6,200884114889554,14889554,,10626,0,,
R21,200990614890102,14890102,,25346,0,,
S3,201083714890579,14890579,,900829,0,,
R17,201068414890507,14890507,,900179,0,,
R25,201088614888323,14888323,,11279,0,,
S4,200935714889801,14889801,,900733,0,,
R28,201034614890335,14890335,,910371,0,,
S30,200877914889513,14889513,,25339,0,,
S8,201092914890737,14890737,,24814,0,,
R16,201171014888825,14888825,,901654,0,,
XP2,200842914889351,14889351,,2938,0,,
R1,201072414888217,14888217,,10107,0,,
R2,201190414891122,14891122,,22646,0,,
S9,201162814888776,14888776,,24943,0,,
S9,200910814889681,14889681,,24903,0,,
R1,201089814890625,14890625,,10132,0,,
R11,201172214891022,14891022,,10162,0,,
S7,201142814890915,14890915,,24756,0,,
RE5,201072514885482,14885482,,2566,0,,
S5,200857614886861,14886861,,24540,0,,
S6,201142914902713,14902713,,24681,0,,
R22,201065614885419,14885419,,912021,0,,
R2,200881514889541,14889541,,22622,0,,
R17,201067114890498,14890498,,900176,0,,
S10,200990714890103,14890103,,25186,0,,
R1,200881814889544,14889544,,10140,0,,
RE5,200817914889224,14889224,,2532,0,,
S1,201025614890292,14890292,,24161,0,,
RE13,201093114888360,14888360,,2335,0,,
R4,200900114889620,14889620,,10939,0,,
R4,200852214889378,14889378,,10933,0,,
R2,201189814891118,14891118,,22650,0,,
R34,201108014890723,14890723,,10474,0,,
R13,200827514889272,14889272,,10331,0,,
S8,200909514887195,14887195,,24846,0,,
S11,200851314889371,14889371,,25065,0,,
R36,201054914890451,14890451,,10687,0,,
R34,200860814889443,14889443,,10466,0,,
RE2,200976514890017,14890017,,2226,0,,
S3,200889714889584,14889584,,900862,0,,
R28,201183414891077,14891077,,910375,0,,
RE5,201023414890281,14890281,,2516,0,,
R35,200974714887614,14887614,,10581,0,,
XP1,200892714889605,14889605,,900328,0,,
R8,201150114888696,14888696,,10804,0,,
R37,200859014889437,14889437,,10758,0,,
S1,200829214886690,14886690,,24139,0,,
S8,200814314886587,14886587,,24866,0,,
R3,200875014889495,14889495,,900918,0,,
XP2,201033414890322,14890322,,910355,0,,
S11,200854414889410,14889410,,25075,0,,
S4,200914714884380,14884380,,902716,0,,
S1,200976014887623,14887623,,24118,0,,
R35,201105514890709,14890709,,10566,0,,
S11,200806914889171,14889171,,25051,0,,
S3,201033714890333,14890333,,900861,0,,
S4,201085214890592,14890592,,900769,0,,
R23,201148414890891,14890891,,10246,0,,
S1,200923314889744,14889744,,24153,0,,
S11,200953414889910,14889910,,25081,0,,
S1,200900714889627,14889627,,24028,0,,
R35,201105814890712,14890712,,10574,0,,
RE2,200913614889692,14889692,,2244,0,,
S3,200986014890068,14890068,,900869,0,,
S9,201018214890252,14890252,,934453,0,,
R1,201140814890879,14890879,,10135,0,,
R21,200804514889148,14889148,,25347,0,,
S40,201027814887942,14887942,,25478,0,,
R2,200992914884927,14884927,,22635,0,,
S6,201093614902686,14902686,,24674,0,,
S11,201006714890186,14890186,,25062,0,,
RE4,201139714890875,14890875,,2442,0,,
R6,200812714889206,14889206,,10623,0,,
S11,200999714890127,14890127,,25077,0,,
R31,200808614889186,14889186,,10068,0,,
R36,200866214886927,14886927,,10691,0,,
XP1,200838114889315,14889315,,900383,0,,
R14,201093714890670,14890670,,25858,0,,
XP1,201181114891057,14891057,,900391,0,,
R11,201113914888474,14888474,,10164,0,,
S9,201012714887846,14887846,,24970,0,,
RE6,201090114890628,14890628,,2629,0,,
RE5,200817314889220,14889220,,2556,0,,
R22,200984214890049,14890049,,900029,0,,
S7,200961714887529,14887529,,24754,0,,
R28,200841914889343,14889343,,2917,0,,
R40,200924414887288,14887288,,10009,0,,
S9,201069214888192,14888192,,931449,0,,
R3,201117014888496,14888496,,901919,0,,
R2,200941414884587,14884587,,22634,0,,
S5,200900314887133,14887133,,24518,0,,
S3,200861714889446,14889446,,900856,0,,
RE11,200867514889470,14889470,,2186,0,,
R41,200864414886913,14886913,,10979,0,,
RE80,200805114883629,14883629,,25201,0,,
S6,200845314902768,14902768,,24706,0,,
S9,201162314890978,14890978,,24920,0,,
R22,200935914889803,14889803,,900041,0,,
R25,201186914888921,14888921,,11256,0,,
R14,201094814890676,14890676,,25863,0,,
R13,201059914890469,14890469,,10322,0,,
S9,200893114887109,14887109,,931460,0,,
RE8,200797514889169,14889169,,2826,0,,
R5,201156614888743,14888743,,10530,0,,
R11,200914414887225,14887225,,10171,0,,
S3,200820814889241,14889241,,900832,0,,
S13,200955614889928,14889928,,24347,0,,
S8,200893714889677,14889677,,24876,0,,
XP1,201166214890996,14890996,,900358,0,,
S13,201000214890132,14890132,,24342,0,,
S4,200921114887271,14887271,,901709,0,,
S9,201120614888525,14888525,,931477,0,,
R2,200810914889197,14889197,,22671,0,,
S10,201187414891104,14891104,,25166,0,,
S13,200947914889862,14889862,,24358,0,,
R38,200815314889214,14889214,,10886,0,,
S5,201052414888088,14888088,,24517,0,,
R28,201187914891109,14891109,,2923,0,,
S2,200849714902272,14902272,,24255,0,,
S9,201014514887856,14887856,,24954,0,,
RE1,201009614890203,14890203,,900047,0,,
RE5,200817414889221,14889221,,2557,0,,
S4,200875214889497,14889497,,900719,0,,
R17,201169414891013,14891013,,900169,0,,
R40,200947514889860,14889860,,10008,0,,
S9,200920314887266,14887266,,931433,0,,
R3,200918114887249,14887249,,901913,0,,
S6,200894114902646,14902646,,24660,0,,
S40,200927414887306,14887306,,25414,0,,
S13,201102914890689,14890689,,24313,0,,
R13,200960714889952,14889952,,10319,0,,
S8,200894214889679,14889679,,24828,0,,
R8,201049514888065,14888065,,10840,0,,
R8,201101314888391,14888391,,10837,0,,
R18,201121114888530,14888530,,10433,0,,
S40,201127414888570,14888570,,25430,0,,
R36,201055614888116,14888116,,10690,0,,
R1,201141014890882,14890882,,10137,0,,
RE80,200851914889377,14889377,,25514,0,,
RE8,201094214890726,14890726,,2874,0,,
R8,200950314887453,14887453,,10816,0,,
R36,201088214890613,14890613,,10663,0,,
RE11,201174214891030,14891030,,2161,0,,
R3,201157614888745,14888745,,901915,0,,
S11,201153614890935,14890935,,25079,0,,
S1,201024314890286,14890286,,24111,0,,
S6,201145314902577,14902577,,24645,0,,
R5,200858414886870,14886870,,10535,0,,
R2,200904814887176,14887176,,22669,0,,
S11,200952814884643,14884643,,25233,0,,
S2,201144914902206,14902206,,24249,0,,
S2,200848314902085,14902085,,24238,0,,
XP2,201038714890366,14890366,,2963,0,,
R37,200957014889935,14889935,,10776,0,,
S11,201150514886027,14886027,,25257,0,,
S9,200886814889568,14889568,,24944,0,,
XP1,200936114889807,14889807,,900331,0,,
RE11,200926414889755,14889755,,2174,0,,
R36,201185814888911,14888911,,10660,0,,
R6,200884314889556,14889556,,10620,0,,
RE4,201089714890624,14890624,,2427,0,,
XP1,201034014890326,14890326,,900321,0,,
S8,201062214888146,14888146,,24859,0,,
R28,201036114890347,14890347,,910395,0,,
S11,201098314890645,14890645,,25029,0,,
R34,200973314887608,14887608,,10469,0,,
R5,200957814887507,14887507,,10538,0,,
S9,200887214889569,14889569,,24984,0,,
R28,201133314890827,14890827,,910370,0,,
S9,200962914887534,14887534,,24939,0,,
S10,201187114891102,14891102,,25171,0,,
S11,201104814885707,14885707,,25241,0,,
S7,200796314889132,14889132,,24729,0,,
XP2,200879714889527,14889527,,2967,0,,
RE13,200898614884259,14884259,,3005,0,,
R21,201087514890606,14890606,,25342,0,,
XP1,200838914889322,14889322,,900361,0,,
S13,200902114889641,14889641,,24344,0,,
RE5,200965814889966,14889966,,2576,0,,
S8,200995114890221,14890221,,24841,0,,
R3,201120214885826,14885826,,912953,0,,
R17,201120514888524,14888524,,901126,0,,
RE2,201139414885964,14885964,,2221,0,,
R17,201120014890771,14890771,,900170,0,,
R28,200933914889789,14889789,,910327,0,,
XP1,200880914889536,14889536,,900385,0,,
RE80,201053114890436,14890436,,25531,0,,
S7,200796414889854,14889854,,24733,0,,
RE80,201148314890890,14890890,,25516,0,,
R17,200819514889233,14889233,,900187,0,,
R34,200883314887045,14887045,,10457,0,,
RE1,201158614890958,14890958,,900030,0,,
S1,201050614890425,14890425,,24016,0,,
R28,201082314890567,14890567,,910345,0,,
R8,200957714889938,14889938,,10839,0,,
R22,200959314887513,14887513,,901039,0,,
R34,201189614888939,14888939,,10452,0,,
S3,200935414889800,14889800,,900895,0,,
S11,200854814883972,14883972,,25225,0,,
R25,200989014887701,14887701,,11278,0,,
R11,200865814889462,14889462,,10165,0,,
S1,201051714890430,14890430,,24032,0,,
RE13,200833714889293,14889293,,2343,0,,
R21,201122314885845,14885845,,25307,0,,
S11,201152014886040,14886040,,25267,0,,
RE80,200948014889863,14889863,,25513,0,,
R35,201105714890711,14890711,,10563,0,,
R11,200966114887552,14887552,,10175,0,,
S50,200989414890089,14890089,,25562,0,,
R7,200958714889943,14889943,,10719,0,,
XP1,200967414889973,14889973,,900352,0,,
S5,201053614890442,14890442,,24522,0,,
S11,201097714890642,14890642,,25064,0,,
S50,200932814889779,14889779,,928330,0,,
R11,201172514891024,14891024,,10177,0,,
S8,200910414887202,14887202,,24855,0,,
R28,200844814889366,14889366,,910380,0,,
RE8,200801514889164,14889164,,2812,0,,
XP1,201035014890337,14890337,,900387,0,,
RE13,201094014888387,14888387,,2381,0,,
S1,200807214889175,14889175,,24036,0,,
RE6,200973114890005,14890005,,2602,0,,
S11,200901914889637,14889637,,25022,0,,
S6,200938114889819,14889819,,24616,0,,
S1,201173414891028,14891028,,24157,0,,
R11,200826414889270,14889270,,10178,0,,
S13,201104914890706,14890706,,24345,0,,
R22,201009714890204,14890204,,900082,0,,
S2,200995914901865,14901865,,24218,0,,
R1,200810614889195,14889195,,10134,0,,
R28,201036914890353,14890353,,910321,0,,
R21,200991314890108,14890108,,25333,0,,
RE2,200939714889833,14889833,,2233,0,,
S6,200942914902662,14902662,,24665,0,,
R38,200913514889691,14889691,,10896,0,,
S4,201082214890566,14890566,,900715,0,,
S7,201095314890637,14890637,,24765,0,,
S8,200994914890218,14890218,,24856,0,,
S9,200964914887544,14887544,,24937,0,,
S11,201102714890687,14890687,,25023,0,,
RE2,201125614890798,14890798,,2230,0,,
S1,201006514890185,14890185,,24037,0,,
R13,200865414889460,14889460,,10337,0,,
R28,201088814890617,14890617,,2985,0,,
R1,201024114887923,14887923,,10101,0,,
R28,201139114890873,14890873,,2916,0,,
S5,201004414890172,14890172,,24575,0,,
S9,200865014886918,14886918,,24915,0,,
R28,200989514890093,14890093,,2974,0,,
S11,200805214883630,14883630,,25259,0,,
R34,200899014889607,14889607,,10478,0,,
R37,201155814890947,14890947,,10770,0,,
R14,200997214890138,14890138,,25834,0,,
R13,201159914890962,14890962,,10328,0,,
S9,201163714888779,14888779,,24982,0,,
XP1,200861414889445,14889445,,900356,0,,
S1,200924514887289,14887289,,24125,0,,
S9,201162114890976,14890976,,24980,0,,
RE4,200939014889827,14889827,,2426,0,,
R34,200815914889217,14889217,,10459,0,,
R14,201092314890668,14890668,,25867,0,,
R27,201117814888503,14888503,,901279,0,,
RE5,201062314890479,14890479,,2548,0,,
S11,200951414889901,14889901,,25043,0,,
R2,201090514890631,14890631,,22654,0,,
R36,200940314889838,14889838,,10688,0,,
R21,201039714890372,14890372,,25305,0,,
R2,200810714889196,14889196,,22630,0,,
R17,200863314889454,14889454,,900165,0,,
R8,201001314887760,14887760,,10807,0,,
S13,201047714890398,14890398,,24362,0,,
S4,201114614885769,14885769,,902750,0,,
R34,201071814890531,14890531,,10479,0,,
RE8,201142014890934,14890934,,2827,0,,
S30,200842814889350,14889350,,25343,0,,
R35,201154414890938,14890938,,10564,0,,
S3,201068614890508,14890508,,900888,0,,
S9,201013914890229,14890229,,24906,0,,
XP1,200918714889721,14889721,,900386,0,,
RE3,200853914889406,14889406,,900971,0,,
R17,200970914889992,14889992,,900140,0,,
RE6,200866014889464,14889464,,2633,0,,
R28,200881214889539,14889539,,910391,0,,
S10,200871214889478,14889478,,25175,0,,
R6,200960414889950,14889950,,10635,0,,
S50,201139014890870,14890870,,25576,0,,
S40,200868314886942,14886942,,25412,0,,
RE1,200959914889948,14889948,,900025,0,,
R17,201118214885808,14885808,,902157,0,,
S2,200798514901997,14901997,,24230,0,,
S5,201004914890175,14890175,,24574,0,,
RE3,201050514888077,14888077,,901917,0,,
R3,200888914889580,14889580,,900952,0,,
S50,200992714890119,14890119,,928368,0,,
R25,201090014890627,14890627,,11283,0,,
S7,201091214890733,14890733,,24776,0,,
RE2,201149214886003,14886003,,2255,0,,
S9,201113814888473,14888473,,24958,0,,
S4,200874914889494,14889494,,900771,0,,
R3,200818714886621,14886621,,911920,0,,
S8,201099314885646,14885646,,24801,0,,
RE5,200965414889964,14889964,,2544,0,,
S11,200900614889626,14889626,,25042,0,,
S1,201107414890718,14890718,,24039,0,,
R34,200913914887220,14887220,,10481,0,,
S9,201168314888810,14888810,,931458,0,,
R17,201169514891014,14891014,,900149,0,,
R5,200857914886865,14886865,,10512,0,,
XP2,201033514890323,14890323,,910378,0,,
R27,200970614887588,14887588,,901259,0,,
RE6,201157214890952,14890952,,2627,0,,
S9,201020514887895,14887895,,931426,0,,
S3,200844714889365,14889365,,900811,0,,
S9,201022214887908,14887908,,931465,0,,
S6,201092714902693,14902693,,24676,0,,
S11,201007414890192,14890192,,25089,0,,
R22,200971314887594,14887594,,911081,0,,
S4,201181214891058,14891058,,900717,0,,
S13,201155114890942,14890942,,24323,0,,
S9,200824914886666,14886666,,931466,0,,
R4,201012314890223,14890223,,10917,0,,
R31,200843714886791,14886791,,10080,0,,
R36,200866514886929,14886929,,10678,0,,
RE11,201075314890545,14890545,,2169,0,,
XP1,200972014889999,14889999,,900342,0,,
R31,200957214887504,14887504,,10074,0,,
S5,200806814889170,14889170,,24566,0,,
R1,201090814890633,14890633,,10126,0,,
S7,201171714888830,14888830,,24722,0,,
R6,201009914890205,14890205,,10618,0,,
S6,200945114902637,14902637,,24657,0,,
R2,200941914889851,14889851,,22678,0,,
S4,201067214885435,14885435,,902780,0,,
R2,201107714890720,14890720,,22627,0,,
RE6,201013714890227,14890227,,2613,0,,
S11,200857114883987,14883987,,25271,0,,
R28,201034814890336,14890336,,910336,0,,
R17,201168914886159,14886159,,902134,0,,
RE3,200805014889159,14889159,,900963,0,,
R27,200915414887232,14887232,,901240,0,,
S11,200954514889916,14889916,,25045,0,,
RE4,200974414890008,14890008,,2438,0,,
S4,201119814885823,14885823,,902740,0,,
RE2,201137814890860,14890860,,2241,0,,
S6,200944814902703,14902703,,24678,0,,
R5,201106214890713,14890713,,10540,0,,
S1,201074014890538,14890538,,24159,0,,
R38,201015214890234,14890234,,10856,0,,
S8,201145914890965,14890965,,24825,0,,
XP1,201069714890515,14890515,,900366,0,,
S6,200945614902698,14902698,,24677,0,,
R16,200819814886629,14886629,,901617,0,,
RE2,200922114884441,14884441,,2280,0,,
S11,200952614889907,14889907,,25054,0,,
R7,200830014883806,14883806,,10744,0,,
R34,201098414888353,14888353,,10492,0,,
S9,200862014886896,14886896,,931474,0,,
S3,200920814889733,14889733,,900866,0,,
R31,200800714889188,14889188,,10084,0,,
R36,201072614888218,14888218,,10665,0,,
S8,201045614890472,14890472,,24845,0,,
S9,201062014890478,14890478,,24992,0,,
R2,200941814889850,14889850,,22662,0,,
R31,200881014889537,14889537,,10027,0,,
S6,200849414902572,14902572,,24644,0,,
RE5,200817614889223,14889223,,2581,0,,
R35,201073714888224,14888224,,10577,0,,
RE2,200885714884204,14884204,,2273,0,,
S1,200809414889191,14889191,,24043,0,,
RE2,201188414886301,14886301,,2279,0,,
R38,201013814890228,14890228,,10853,0,,
RE80,201150414890917,14890917,,25532,0,,
R1,201140614890877,14890877,,10141,0,,
R17,200889614884231,14884231,,902153,0,,
S50,201088914885607,14885607,,25558,0,,
R31,201137314890856,14890856,,10037,0,,
R27,201064314885409,14885409,,902269,0,,
RE13,201097214885627,14885627,,3008,0,,
R4,200825514889266,14889266,,10934,0,,
RE2,201027014890298,14890298,,2242,0,,
S11,201104014888410,14888410,,25085,0,,
R36,200825414886669,14886669,,10686,0,,
S30,201185914891094,14891094,,25344,0,,
XP2,201036314890348,14890348,,910362,0,,
R22,201084914890590,14890590,,900013,0,,
R28,200878814889521,14889521,,2928,0,,
R39,201173014891026,14891026,,10796,0,,
R17,200916114889702,14889702,,900135,0,,
S40,201075914888241,14888241,,25432,0,,
R22,201118914890765,14890765,,910036,0,,
R14,201094314890679,14890679,,25883,0,,
S1,201074314890540,14890540,,24162,0,,
R1,201041714890394,14890394,,10119,0,,
R13,201059814890468,14890468,,10324,0,,
S9,201161314890973,14890973,,24907,0,,
S2,200895014901964,14901964,,24227,0,,
S9,201050414888076,14888076,,24978,0,,
S2,200894714902217,14902217,,24250,0,,
S5,201148814888679,14888679,,24553,0,,
R36,200864314886912,14886912,,10685,0,,
S11,201006114890183,14890183,,25019,0,,
RE1,201009814885023,14885023,,902016,0,,
RE6,201048514888053,14888053,,2682,0,,
RE11,200867814889473,14889473,,2162,0,,
RE4,201187314891103,14891103,,2434,0,,
S3,200821714889247,14889247,,900876,0,,
R17,200966214887553,14887553,,901144,0,,
S4,201069914885456,14885456,,902772,0,,
S6,201144414902658,14902658,,24663,0,,
S50,201089914890626,14890626,,25557,0,,
S5,200856714889420,14889420,,24539,0,,
RE5,200831514889290,14889290,,2561,0,,
RE6,201123214890787,14890787,,2630,0,,
R7,200830514889287,14889287,,10727,0,,
S5,200901014889630,14889630,,24519,0,,
R18,200992014887728,14887728,,10441,0,,
S1,200828614889277,14889277,,24146,0,,
S5,200952414889905,14889905,,24514,0,,
XP1,200890014889587,14889587,,900324,0,,
R8,200949914889887,14889887,,10834,0,,
S11,200954314884653,14884653,,25249,0,,
S11,201005114890176,14890176,,25087,0,,
R6,201055314890454,14890454,,10641,0,,
S1,201003914890165,14890165,,24021,0,,
RE2,200926014889752,14889752,,2220,0,,
S1,201074414890541,14890541,,24140,0,,
S9,201149614888690,14888690,,24962,0,,
R2,201105614888424,14888424,,22621,0,,
S3,200972214890001,14890001,,900854,0,,
S8,201160414888761,14888761,,24874,0,,
S11,200951214889900,14889900,,25016,0,,
S1,201171914888831,14888831,,24132,0,,
XP2,200874714889492,14889492,,910330,0,,
R5,201054614890449,14890449,,10541,0,,
R16,200821914886643,14886643,,911689,0,,
R22,201109414890729,14890729,,900040,0,,
S1,200867114886934,14886934,,24129,0,,
R16,200891814889599,14889599,,900668,0,,
S8,200961914887530,14887530,,24854,0,,
R31,201008214890199,14890199,,10077,0,,
R17,201166314888795,14888795,,901174,0,,
RE6,200921514884437,14884437,,2677,0,,
R13,200961314889956,14889956,,10316,0,,
R17,200888114889573,14889573,,900183,0,,
S9,201021414887901,14887901,,931417,0,,
RE8,200888314884220,14884220,,2868,0,,
RE6,200825614889267,14889267,,2643,0,,
R35,200904514889659,14889659,,10586,0,,
S8,200945014887532,14887532,,24878,0,,
R7,200863914889457,14889457,,10721,0,,
R40,200947214889859,14889859,,10007,0,,
S2,201143514902327,14902327,,24260,0,,
S3,201035614890342,14890342,,900835,0,,
S11,200999514890125,14890125,,25044,0,,
R37,201057114890460,14890460,,10771,0,,
S8,200910114887199,14887199,,24863,0,,
S8,200847814889560,14889560,,24885,0,,
S50,201030814890310,14890310,,25587,0,,
S9,201161614890974,14890974,,24902,0,,
R38,201150214890914,14890914,,10880,0,,
XP1,201020314890267,14890267,,900338,0,,
S13,200851814889375,14889375,,24375,0,,
R11,201163914888781,14888781,,10168,0,,
S9,200912614887211,14887211,,24931,0,,
XP2,200939414889830,14889830,,2971,0,,
S50,200938814889825,14889825,,25573,0,,
XP1,201082914890573,14890573,,900325,0,,
R17,200971614884777,14884777,,902185,0,,
R31,200940514887403,14887403,,10029,0,,
S3,201062714890483,14890483,,900838,0,,
S1,200810014889192,14889192,,24026,0,,
R3,201036414885231,14885231,,902972,0,,
S9,201019614890263,14890263,,934477,0,,
R14,200993814890135,14890135,,25866,0,,
R17,200825114889265,14889265,,900122,0,,
RE13,201009214885018,14885018,,2313,0,,
S30,200937814889818,14889818,,25335,0,,
S6,200996014902592,14902592,,24648,0,,
R2,200942214889853,14889853,,22674,0,,
S8,201091314890740,14890740,,24872,0,,
XP1,200915814889701,14889701,,900380,0,,
S8,201111614888461,14888461,,24823,0,,
R23,201189014891115,14891115,,10200,0,,
XP2,200845014889368,14889368,,910313,0,,
S8,200945214887528,14887528,,24883,0,,
S9,201117214888498,14888498,,931429,0,,
S1,201052514890433,14890433,,24017,0,,
R16,201069314888190,14888190,,901615,0,,
RE6,201107914890721,14890721,,2616,0,,
R31,201007714887810,14887810,,10066,0,,
R4,200913114889690,14889690,,10919,0,,
S5,200856914886857,14886857,,24536,0,,
R17,201021614890272,14890272,,900114,0,,
RE13,201144614888677,14888677,,2331,0,,
RE6,201161014890971,14890971,,2646,0,,
S2,200800314901876,14901876,,24219,0,,
R31,201136414890850,14890850,,10041,0,,
R28,200933814889788,14889788,,910381,0,,
S4,200861614884024,14884024,,902730,0,,
S4,200983814890046,14890046,,900775,0,,
S13,200803014889133,14889133,,24315,0,,
R6,201190314886318,14886318,,10602,0,,
XP1,200967714889976,14889976,,900348,0,,
R22,201021514885125,14885125,,912063,0,,
RE2,200940414889839,14889839,,2231,0,,
S6,200800214902627,14902627,,24655,0,,
S1,201051214890426,14890426,,24094,0,,
R31,201155514890945,14890945,,10023,0,,
RE8,200896014889636,14889636,,2813,0,,
RE5,200978714890025,14890025,,2536,0,,
R1,200882014889545,14889545,,10136,0,,
R11,201164014888782,14888782,,10157,0,,
R39,201025914890295,14890295,,10790,0,,
R39,201124614890794,14890794,,10797,0,,
S5,201003214887777,14887777,,24521,0,,
S5,200899914887123,14887123,,24525,0,,
S40,200926614887304,14887304,,25482,0,,
S9,200816414886604,14886604,,24963,0,,
R8,201001214890145,14890145,,10823,0,,
RE2,200977414890023,14890023,,2225,0,,
R31,201054514890448,14890448,,10040,0,,
R2,201154314888722,14888722,,22620,0,,
S50,201186214891096,14891096,,25588,0,,
RE2,200976314890016,14890016,,2234,0,,
S9,201112914890744,14890744,,24953,0,,
R4,201022914887913,14887913,,10938,0,,
R17,200968714889981,14889981,,900131,0,,
R14,201042914890412,14890412,,25886,0,,
S1,201000114890131,14890131,,24174,0,,
R4,200865514889461,14889461,,10937,0,,
R18,201052814888090,14888090,,10438,0,,
XP2,200984014890051,14890051,,910346,0,,
XP1,200933514889785,14889785,,900357,0,,
RE2,200867414889469,14889469,,2240,0,,
S5,201051014888081,14888081,,24528,0,,
RE2,200976614890018,14890018,,2238,0,,
R16,200965914889967,14889967,,900636,0,,
R21,200880414887023,14887023,,25322,0,,
S5,201105214888420,14888420,,24568,0,,
S7,201042714890542,14890542,,24769,0,,
XP1,200985914890067,14890067,,900327,0,,
S50,201035514890341,14890341,,928334,0,,
RE3,200952914889909,14889909,,900922,0,,
XP1,200838814889321,14889321,,900309,0,,
S9,200816314886603,14886603,,24965,0,,
R41,201140114888654,14888654,,10980,0,,
R28,201182814891071,14891071,,910366,0,,
S13,200904214889657,14889657,,24356,0,,
S8,201093214890736,14890736,,24864,0,,
R2,200942114884591,14884591,,22639,0,,
XP1,201182114891065,14891065,,900305,0,,
R2,201041314890387,14890387,,22659,0,,
R28,201132114890818,14890818,,910383,0,,
RE6,201154914886062,14886062,,33693,0,,
S2,200942414902305,14902305,,24258,0,,
R8,200852514889379,14889379,,10818,0,,
S4,201033814890334,14890334,,900729,0,,
S1,200828014889276,14889276,,24175,0,,
R18,201120714888526,14888526,,10435,0,,
S2,200849614902294,14902294,,24257,0,,
R28,201133814890831,14890831,,910318,0,,
S8,200997414890220,14890220,,24821,0,,
R25,201137514888633,14888633,,11252,0,,
S4,201065414885416,14885416,,902724,0,,
S11,201052214885336,14885336,,25247,0,,
S9,200823414886653,14886653,,931454,0,,
RE11,200867614889471,14889471,,2156,0,,
XP1,201133014890824,14890824,,900337,0,,
S9,200816614886605,14886605,,24973,0,,
R25,200830914886702,14886702,,11263,0,,
RE8,201093814890691,14890691,,2828,0,,
RE5,201164214890985,14890985,,2525,0,,
R17,201019214890259,14890259,,900178,0,,
S9,200861514886892,14886892,,931437,0,,
S10,200879814889532,14889532,,25167,0,,
R41,201140514888656,14888656,,10974,0,,
S2,201094514902030,14902030,,24233,0,,
R4,200864014889458,14889458,,10918,0,,
R23,200829014886689,14886689,,10214,0,,
S50,200872014889481,14889481,,25568,0,,
XP1,200840314889333,14889333,,900311,0,,
XP1,200919914889728,14889728,,900334,0,,
S50,201132614890822,14890822,,928338,0,,
R8,200900014887126,14887126,,10828,0,,
R5,201006914890188,14890188,,10525,0,,
R11,200887614887069,14887069,,10158,0,,
RE5,200914214889695,14889695,,2565,0,,
S4,201180514891053,14891053,,900737,0,,
S7,200796714889131,14889131,,24764,0,,
RE1,200958914889945,14889945,,900026,0,,
S50,200940914889843,14889843,,25575,0,,
R36,200858914886875,14886875,,10669,0,,
S6,201092814902617,14902617,,24653,0,,
S11,200807114889174,14889174,,25027,0,,
R4,201113514890747,14890747,,10911,0,,
R22,201114114885765,14885765,,912018,0,,
S3,201133114890826,14890826,,900893,0,,
S10,201139214890871,14890871,,25173,0,,
S50,200990514890101,14890101,,25554,0,,
S2,200846814902316,14902316,,24259,0,,
S8,200814214886586,14886586,,24870,0,,
R36,201075014888236,14888236,,10699,0,,
R7,200825814889269,14889269,,10722,0,,
S9,201113314888469,14888469,,24960,0,,
XP2,200940714889841,14889841,,2935,0,,
R28,200837114889307,14889307,,910377,0,,
S9,201062114888145,14888145,,24923,0,,
RE80,201053814890444,14890444,,25507,0,,
R25,200938714887386,14887386,,11277,0,,
R11,201062414888148,14888148,,10167,0,,
S8,200850114889561,14889561,,24824,0,,
R22,200908014887189,14887189,,901054,0,,
RE5,201114014890748,14890748,,2549,0,,
S5,200900814889628,14889628,,24559,0,,
S11,200951114889899,14889899,,25083,0,,
S11,201053514890441,14890441,,25025,0,,
S9,200920614887268,14887268,,931432,0,,
R3,201066014885423,14885423,,912968,0,,
S3,201167814891005,14891005,,900850,0,,
RE8,200848014889414,14889414,,2836,0,,
R17,201015814887865,14887865,,901148,0,,
R5,200948114889866,14889866,,10514,0,,
R13,200889314889583,14889583,,10315,0,,
R22,201017214887880,14887880,,911043,0,,
S7,201184614888902,14888902,,24717,0,,
R13,200885014889559,14889559,,10334,0,,
S9,200808714889187,14889187,,24972,0,,
S40,201076414888245,14888245,,25408,0,,
S5,201000814884948,14884948,,24580,0,,
R11,200827714889273,14889273,,10174,0,,
S3,201016514890242,14890242,,900880,0,,
R11,201015414890235,14890235,,10199,0,,
R16,201084514888292,14888292,,901673,0,,
S4,200969114884759,14884759,,902770,0,,
R17,201165914886134,14886134,,902152,0,,
R28,201089014890618,14890618,,2945,0,,
S6,200798414902688,14902688,,24675,0,,
R6,200960214889949,14889949,,10640,0,,
S5,201099914888370,14888370,,24569,0,,
RE2,200948314884608,14884608,,2206,0,,
R4,200906314889664,14889664,,10925,0,,
R11,201122914890784,14890784,,10154,0,,
R4,200972914884787,14884787,,10907,0,,
RE2,201087814890609,14890609,,2227,0,,
S3,201083114890575,14890575,,900839,0,,
RE11,200925714889750,14889750,,2170,0,,
S40,201175914888853,14888853,,25456,0,,
R17,200823214889254,14889254,,900150,0,,
RE6,200922914889742,14889742,,2636,0,,
R35,201156214890949,14890949,,10567,0,,
R38,200900514889625,14889625,,10858,0,,
R22,201018614885096,14885096,,912079,0,,
S8,201145714890966,14890966,,24844,0,,
RE13,200881914887035,14887035,,2345,0,,
XP1,201033914890325,14890325,,900353,0,,
S11,201147814890885,14890885,,25048,0,,
S9,200911914889686,14889686,,24940,0,,
R31,200808414883656,14883656,,10067,0,,
R27,201166814888799,14888799,,901222,0,,
R22,200960014884694,14884694,,902014,0,,
S6,200994114902660,14902660,,24664,0,,
S40,200831414886706,14886706,,25422,0,,
RE8,201145614890921,14890921,,2817,0,,
R21,200939914889835,14889835,,25355,0,,
S4,201135014890840,14890840,,900785,0,,
RE5,201113114890745,14890745,,2564,0,,
S8,200885514887059,14887059,,24827,0,,
R3,201169014886162,14886162,,912929,0,,
S8,201160314888760,14888760,,24867,0,,
R17,200823114883756,14883756,,902156,0,,
S1,201106814890717,14890717,,24019,0,,
S6,201049414890413,14890413,,24685,0,,
R14,200845914889402,14889402,,25822,0,,
R2,200881414889540,14889540,,22683,0,,
S9,200963514887537,14887537,,24927,0,,
S6,201100514890671,14890671,,24614,0,,
RE6,201140414883020,14883020,,2619,0,,
S40,201076514888246,14888246,,25468,0,,
R11,201164114890984,14890984,,10190,0,,
S2,200801414902074,14902074,,24237,0,,
RE80,200954614887481,14887481,,25536,0,,
R31,200903814889655,14889655,,10044,0,,
R37,200882714887041,14887041,,10772,0,,
S50,200939514889831,14889831,,25564,0,,
S7,200796814903011,14903011,,24772,0,,
S1,200924714889747,14889747,,24149,0,,
S13,200857814889429,14889429,,24357,0,,
S8,200894914889676,14889676,,24865,0,,
R31,200893514889654,14889654,,10081,0,,
R6,201109814890732,14890732,,10615,0,,
R34,201108414888440,14888440,,10472,0,,
RE13,201092014888371,14888371,,2327,0,,
R3,201165514890993,14890993,,900957,0,,
R34,201049614890414,14890414,,10467,0,,
R5,201156114888738,14888738,,10517,0,,
S8,201059714888132,14888132,,24818,0,,
R40,201174314888844,14888844,,10001,0,,
R22,200837614889309,14889309,,900035,0,,
RE5,201015714890237,14890237,,2540,0,,
XP2,201039614890371,14890371,,2946,0,,
S3,201017414890246,14890246,,900882,0,,
S8,200993214890216,14890216,,24849,0,,
S1,200860314889440,14889440,,24030,0,,
RE5,201127314890802,14890802,,2520,0,,
RE2,201026614890297,14890297,,2228,0,,
S1,200958614889942,14889942,,24020,0,,
RE80,200807014889173,14889173,,25530,0,,
S9,201112514888465,14888465,,24974,0,,
S11,200805814883633,14883633,,25235,0,,
R22,201063814888157,14888157,,911078,0,,
S6,201143214902495,14902495,,24624,0,,
RE2,201038914885252,14885252,,2258,0,,
R17,201067514890501,14890501,,900166,0,,
S4,201166014886136,14886136,,902728,0,,
S1,201124914888559,14888559,,24120,0,,
R6,201099214885643,14885643,,10606,0,,
RE6,201090614882670,14882670,,2628,0,,
RE13,200811114889198,14889198,,2388,0,,
R4,201100414888378,14888378,,10930,0,,
R31,200844214883913,14883913,,10075,0,,
S7,201159614886092,14886092,,24730,0,,
R14,201042614890409,14890409,,25855,0,,
R6,201109314890731,14890731,,10617,0,,
S6,200847014902587,14902587,,24647,0,,
R25,200879414887013,14887013,,11250,0,,
RE3,201050814890424,14890424,,900970,0,,
XP2,201040114890376,14890376,,2951,0,,
R22,201009414887820,14887820,,901037,0,,
R25,200877514886999,14886999,,11269,0,,
R16,200844914889367,14889367,,900643,0,,
S3,201034114890330,14890330,,900889,0,,
XP1,201066814890495,14890495,,900350,0,,
R5,201107014890716,14890716,,10524,0,,
S6,200801214902477,14902477,,24618,0,,
R1,200881614889542,14889542,,10544,0,,
S9,200891114887098,14887098,,931441,0,,
R28,201132514890821,14890821,,910353,0,,
S11,200902714889647,14889647,,25034,0,,
S5,200852014883929,14883929,,24573,0,,
R28,201039214890368,14890368,,2924,0,,
R14,200799614889144,14889144,,25875,0,,
RE6,200921314889737,14889737,,2638,0,,
XP2,200984814890056,14890056,,910334,0,,
S2,200849514902283,14902283,,24256,0,,
S9,200822614886646,14886646,,931430,0,,
RE4,201023614890282,14890282,,2436,0,,
S2,201042214902360,14902360,,24263,0,,
R31,200858114886867,14886867,,10071,0,,
S13,200805514889161,14889161,,24316,0,,
R14,201045314890416,14890416,,25879,0,,
R34,201023014890278,14890278,,10471,0,,
R16,201063314888153,14888153,,901670,0,,
S8,201044014890474,14890474,,24852,0,,
RE2,200879514889525,14889525,,2229,0,,
S7,201012614887845,14887845,,24721,0,,
R8,201171814891020,14891020,,10803,0,,
S4,200986914890076,14890076,,900723,0,,
R17,201068114890505,14890505,,900136,0,,
R31,201096014890710,14890710,,10089,0,,
R27,200968014887572,14887572,,901260,0,,
R13,201159814890961,14890961,,10333,0,,
S2,200942814902382,14902382,,24265,0,,
R8,200803714889140,14889140,,10801,0,,
R7,200845514889575,14889575,,2698,0,,
R36,201154814888727,14888727,,10674,0,,
R1,200992414887731,14887731,,10138,0,,
S9,200963314887536,14887536,,24959,0,,
S13,200858814889436,14889436,,24317,0,,
S9,200913414889689,14889689,,24945,0,,
S13,201047614890397,14890397,,24368,0,,
RE8,201003014884976,14884976,,2831,0,,
R35,201055214890453,14890453,,10568,0,,
RE6,201161114890972,14890972,,2618,0,,
R13,200908514889673,14889673,,10338,0,,
R6,200907614884340,14884340,,10605,0,,
S5,200856614889419,14889419,,24578,0,,
S5,200949414887439,14887439,,24544,0,,
S5,201006814890187,14890187,,24533,0,,
XP1,201166114890995,14890995,,900388,0,,
R28,200935814889802,14889802,,910387,0,,
RE8,201121814888536,14888536,,2857,0,,
R31,201185514891092,14891092,,10019,0,,
S9,201165114888789,14888789,,931473,0,,
RE3,201004614890174,14890174,,900948,0,,
RE11,200830314889286,14889286,,2181,0,,
S50,201030514890308,14890308,,25567,0,,
R18,201022814887912,14887912,,10417,0,,
R4,201023114890279,14890279,,10926,0,,
RE2,201012914890225,14890225,,2246,0,,
S8,200849914889388,14889388,,24886,0,,
R28,200990214890098,14890098,,2972,0,,
S1,201173114888839,14888839,,24135,0,,
S6,201096514902486,14902486,,24621,0,,
S3,201082414890568,14890568,,900833,0,,
R5,201106514890714,14890714,,10529,0,,
R41,201188514888933,14888933,,10951,0,,
R23,200817114886608,14886608,,10229,0,,
R37,200955014889923,14889923,,10778,0,,
R22,200933014889783,14889783,,910073,0,,
S10,200989714890091,14890091,,25180,0,,
XP2,200984514890053,14890053,,910350,0,,
R34,200864514886914,14886914,,10473,0,,
R3,201018514885095,14885095,,912976,0,,
S9,200912914887213,14887213,,24926,0,,
S9,200887114889567,14889567,,24995,0,,
R7,201187614891107,14891107,,10726,0,,
R4,200859414884010,14884010,,33017,0,,
R5,201156314890950,14890950,,10519,0,,
R14,201043414890417,14890417,,25842,0,,
S11,201151114886032,14886032,,25269,0,,
R37,200907014887183,14887183,,10780,0,,
RE11,200829814889283,14889283,,2175,0,,
R2,201149114890898,14890898,,22605,0,,
R28,200989214890092,14890092,,2965,0,,
R25,200843614889358,14889358,,11293,0,,
R16,200820714889240,14889240,,900624,0,,
R28,200844314889361,14889361,,2961,0,,
R2,201140714890878,14890878,,22647,0,,
S10,200990914890105,14890105,,25162,0,,
R8,200950614889894,14889894,,10822,0,,
S11,201053314890439,14890439,,25024,0,,
S3,200934114889791,14889791,,900871,0,,
S10,201138114890863,14890863,,25165,0,,
R22,200883214887044,14887044,,901048,0,,
RE6,201123114890786,14890786,,2623,0,,
S5,200954914889920,14889920,,24527,0,,
S5,200806614889168,14889168,,24534,0,,
S7,200894014889707,14889707,,24748,0,,
RE5,201028414890303,14890303,,2568,0,,
S13,200852414889384,14889384,,24396,0,,
S9,200886714889566,14889566,,24933,0,,
R14,201144314890912,14890912,,25815,0,,
RE3,201050714890423,14890423,,900927,0,,
S2,200846914901953,14901953,,24226,0,,
RE2,201188314886300,14886300,,2253,0,,
S7,201159714888755,14888755,,24724,0,,
R16,200915714884389,14884389,,902679,0,,
S40,201127114888568,14888568,,25458,0,,
S3,201069114890512,14890512,,900872,0,,
RE2,201088414890615,14890615,,2237,0,,
XP2,200838014889314,14889314,,910319,0,,
S3,201083514890581,14890581,,900851,0,,
R6,201058614890465,14890465,,10619,0,,
RE4,201189314891116,14891116,,2415,0,,
R13,200961014889953,14889953,,10318,0,,
S2,200796914902162,14902162,,24245,0,,
R6,200955814889930,14889930,,10614,0,,
R17,201166414888796,14888796,,901112,0,,
S3,200874414889489,14889489,,900841,0,,
S13,200902614889646,14889646,,24352,0,,
S6,200802114902567,14902567,,24643,0,,
R22,201119714890769,14890769,,910023,0,,
S6,201043714902651,14902651,,24661,0,,
R16,201019914890265,14890265,,900648,0,,
R28,201133514890828,14890828,,910326,0,,
R6,200900914889629,14889629,,10600,0,,
RE7,201016614885080,14885080,,902116,0,,
S7,200813514886582,14886582,,24734,0,,
RE13,201096314888367,14888367,,2385,0,,
S9,201014914887858,14887858,,24969,0,,
S10,200879314889524,14889524,,25181,0,,
R37,200858314889432,14889432,,10779,0,,
S9,201017614890248,14890248,,934460,0,,
S7,200846614889381,14889381,,24749,0,,
RE1,200907814889671,14889671,,900019,0,,
R1,201157714890954,14890954,,10118,0,,
S4,201115414885779,14885779,,902736,0,,
R36,200974214887611,14887611,,10682,0,,
R16,200876114889505,14889505,,900651,0,,
RE13,201158014888749,14888749,,2333,0,,
R27,201168814888813,14888813,,901265,0,,
XP2,201188114891111,14891111,,2943,0,,
R2,200804614886523,14886523,,22673,0,,
R22,200971214889995,14889995,,910010,0,,
S4,201116614885790,14885790,,902758,0,,
R2,200992514890121,14890121,,22619,0,,
S9,200910714889680,14889680,,24921,0,,
S3,201033314890332,14890332,,900859,0,,
S50,200837214889308,14889308,,928388,0,,
R16,201120114890772,14890772,,900612,0,,
S1,201074214890539,14890539,,24151,0,,
S3,201035814890344,14890344,,900813,0,,
XP1,200917414889711,14889711,,900318,0,,
S4,201119414885819,14885819,,902760,0,,
R38,201099514890656,14890656,,10885,0,,
R28,201070914890522,14890522,,2981,0,,
XP1,200933714889787,14889787,,900371,0,,
R23,201015114887860,14887860,,10226,0,,
RE80,200901414889633,14889633,,25517,0,,
R21,200949014889871,14889871,,25350,0,,
RE8,201044214890438,14890438,,2814,0,,
R1,201141314888662,14888662,,10143,0,,
S5,201004314890171,14890171,,24554,0,,
XP2,200878314889516,14889516,,2950,0,,
R13,201011214890215,14890215,,10310,0,,
S1,200958514889941,14889941,,24027,0,,
R8,201001714890148,14890148,,10826,0,,
S4,200891714884248,14884248,,902752,0,,
S9,200890414887092,14887092,,931438,0,,
S9,200963214887535,14887535,,24957,0,,
R16,201171214888827,14888827,,901613,0,,
RE5,200914014889694,14889694,,2572,0,,
S2,200798314902140,14902140,,24243,0,,
S6,200943414902490,14902490,,24623,0,,
R14,200896614889611,14889611,,25827,0,,
R1,201091014890635,14890635,,10145,0,,
R1,200941614889849,14889849,,10130,0,,
R31,201188214891112,14891112,,10073,0,,
S40,201055914873162,14873162,,25406,0,,
S11,201150614890918,14890918,,25070,0,,
S11,201053414890440,14890440,,25033,0,,
R3,201126214888566,14888566,,919901,0,,
S30,200879214889523,14889523,,25328,0,,
S11,200954114889914,14889914,,25066,0,,
R7,201186114891095,14891095,,10729,0,,
XP1,201084014890582,14890582,,900329,0,,
S11,201148114890888,14890888,,25028,0,,
S11,201104214890701,14890701,,25035,0,,
XP2,200837414889306,14889306,,910329,0,,
S6,201144814902502,14902502,,24627,0,,
S6,201091614902612,14902612,,24652,0,,
R31,200905414887177,14887177,,10063,0,,
R2,201090414890630,14890630,,22667,0,,
S11,201152214886041,14886041,,25239,0,,
S6,200944014902475,14902475,,24617,0,,
RE2,200829514889280,14889280,,2236,0,,
R28,201040014890375,14890375,,2977,0,,
RE80,200901714889638,14889638,,25528,0,,
R22,201065914890491,14890491,,910090,0,,
RE6,201160914890970,14890970,,2601,0,,
R14,200801614889151,14889151,,25882,0,,
XP1,201182014891064,14891064,,900393,0,,
RE11,200828914889278,14889278,,2154,0,,
S10,201087314890604,14890604,,25183,0,,
RE8,200847414889424,14889424,,2809,0,,
R21,200853014889390,14889390,,25356,0,,
RE2,200990014890096,14890096,,2239,0,,
R28,200939614889832,14889832,,2960,0,,
S40,200868414886943,14886943,,25418,0,,
S3,201016114890240,14890240,,900842,0,,
R31,200808114889185,14889185,,10057,0,,
S11,201053214890437,14890437,,25074,0,,
R16,201085014890591,14890591,,900663,0,,
S50,201182614891069,14891069,,928358,0,,
R31,200843914889360,14889360,,10036,0,,
S9,200885614887060,14887060,,24938,0,,
S11,201102814890688,14890688,,25050,0,,
S50,200874314886975,14886975,,928390,0,,
S6,201141814902668,14902668,,24668,0,,
R6,200907914889672,14889672,,10630,0,,
R28,200983914890047,14890047,,910310,0,,
S5,200903514887164,14887164,,24572,0,,
R28,201137714890859,14890859,,2976,0,,
R11,200817814886614,14886614,,10179,0,,
XP2,200934714889794,14889794,,910351,0,,
R16,201069014890511,14890511,,900618,0,,
R37,200883414887046,14887046,,10769,0,,
S2,200849814902261,14902261,,24254,0,,
S8,200797314889209,14889209,,24861,0,,
S3,201171114891018,14891018,,900812,0,,
S2,200895714902173,14902173,,24246,0,,
R7,200843214889354,14889354,,10718,0,,
RE1,201180814891055,14891055,,900075,0,,
S11,201051914890431,14890431,,25058,0,,
S5,200901314889632,14889632,,24567,0,,
RE8,201145114890932,14890932,,2832,0,,
R14,201110914888452,14888452,,25824,0,,
S2,200942514902008,14902008,,24231,0,,
S30,200843414889356,14889356,,25319,0,,
S6,201044714902544,14902544,,24638,0,,
R28,201090314890629,14890629,,2980,0,,
S13,200905314889661,14889661,,24359,0,,
XP2,200878714889520,14889520,,2926,0,,
S3,200838514889318,14889318,,900875,0,,
S2,201046014901931,14901931,,24224,0,,
S11,201007314890191,14890191,,25088,0,,
S9,201013414887849,14887849,,24964,0,,
S10,200842214889345,14889345,,25176,0,,
R36,200880114889531,14889531,,10683,0,,
RE5,201062514890480,14890480,,2560,0,,
XP2,200935214889799,14889799,,910342,0,,
XP1,200986214890070,14890070,,900339,0,,
S10,201087914890610,14890610,,25160,0,,
R31,201158214888750,14888750,,10018,0,,
R11,201073414890535,14890535,,10170,0,,
S40,200831214886704,14886704,,25462,0,,
R5,200955314889925,14889925,,10521,0,,
R38,201100314890665,14890665,,10865,0,,
XP1,200839514889327,14889327,,900355,0,,
R40,200925614887297,14887297,,10005,0,,
RE5,201164614890987,14890987,,2537,0,,
RE2,200973914884795,14884795,,2298,0,,
S1,201123914888551,14888551,,24143,0,,
S2,201044914902129,14902129,,24242,0,,
S9,200969914887585,14887585,,931480,0,,
R1,200882314889548,14889548,,10127,0,,
RE8,201095914890690,14890690,,2841,0,,
R7,201071614890529,14890529,,10724,0,,
XP1,201118814890764,14890764,,900316,0,,
R18,201121014888529,14888529,,10427,0,,
R37,200811414889199,14889199,,10777,0,,
XP1,201084214890584,14890584,,900307,0,,
R31,200992614887732,14887732,,10094,0,,
R4,201001614890150,14890150,,10936,0,,
S1,201026414890296,14890296,,24156,0,,
S3,200985214890060,14890060,,900857,0,,
S11,201147914890886,14890886,,25068,0,,
S9,201048614890404,14890404,,24948,0,,
RE11,200926314889754,14889754,,2177,0,,
RE6,200975114887617,14887617,,2656,0,,
S9,200916714889706,14889706,,934452,0,,
RE80,200854314886843,14886843,,25538,0,,
R17,201167014890998,14890998,,900159,0,,
R31,200940014884572,14884572,,10096,0,,
S9,201017814890250,14890250,,934432,0,,
R22,200839414889326,14889326,,910059,0,,
XP2,200842314889346,14889346,,2918,0,,
R17,201020614885117,14885117,,902107,0,,
S6,201143414902473,14902473,,24615,0,,
S3,200972314890002,14890002,,900814,0,,
S10,201128014890803,14890803,,25157,0,,
R4,201060714890475,14890475,,10915,0,,
S9,200819914886630,14886630,,931452,0,,
XP1,200891014889594,14889594,,900336,0,,
RE2,201112414890743,14890743,,2211,0,,
R4,201094114900699,14900699,,2675,0,,
R18,200806714886543,14886543,,10428,0,,
S11,201151414890926,14890926,,25030,0,,
S50,201071014890523,14890523,,25570,0,,
R16,200966414887555,14887555,,901614,0,,
S5,200855114886845,14886845,,24577,0,,
R28,200879914889528,14889528,,2948,0,,
R16,200919414889725,14889725,,900652,0,,
RE2,200825914883777,14883777,,2271,0,,
S10,200989814890094,14890094,,25158,0,,
RE8,200993514890164,14890164,,2825,0,,
R40,201025414890289,14890289,,10002,0,,
S50,200930414889766,14889766,,25578,0,,
S50,200939814889834,14889834,,25572,0,,
S11,200901814884300,14884300,,25277,0,,
S50,201137114890854,14890854,,25556,0,,
S6,201095614902653,14902653,,24662,0,,
R25,201087414890605,14890605,,11291,0,,
S9,201049914888069,14888069,,24951,0,,
S4,200890614889591,14889591,,900786,0,,
R4,200973514890007,14890007,,10932,0,,
S8,200909714887193,14887193,,24879,0,,
RE11,201173214891027,14891027,,2182,0,,
R28,201139614890874,14890874,,2921,0,,
S13,201155414890944,14890944,,24374,0,,
RE13,200799114886518,14886518,,2367,0,,
S50,200877614889511,14889511,,25561,0,,
R31,201106614890715,14890715,,10016,0,,
S6,200946114902507,14902507,,24629,0,,
S8,200850414889405,14889405,,24817,0,,
RE7,201170714886178,14886178,,902120,0,,
R23,201072214888216,14888216,,10242,0,,
RE6,200975014890011,14890011,,2640,0,,
S11,201152814890930,14890930,,25086,0,,
S9,200915014887229,14887229,,931462,0,,
S4,200824014883764,14883764,,902778,0,,
S50,201178014891038,14891038,,25577,0,,
R6,200884014889553,14889553,,10631,0,,
R22,200959714884692,14884692,,902075,0,,
XP2,201089614890623,14890623,,2930,0,,
R22,201071314890526,14890526,,900049,0,,
S5,200806114889163,14889163,,24515,0,,
R37,201057414890461,14890461,,10766,0,,
R3,201004714884990,14884990,,902908,0,,
RE5,201072114890532,14890532,,2573,0,,
R17,200916814889708,14889708,,900155,0,,
R22,201057714890462,14890462,,900084,0,,
R28,201185214891090,14891090,,2988,0,,
RE11,200912214889687,14889687,,2153,0,,
S10,201186414891097,14891097,,25156,0,,
RE8,200799914889176,14889176,,2842,0,,
R31,200921914887275,14887275,,10098,0,,
RE6,201054714890450,14890450,,2647,0,,
R7,201175014891033,14891033,,10717,0,,
S9,201113014888467,14888467,,24922,0,,
S5,200803914886512,14886512,,24565,0,,
R35,200827414886678,14886678,,10580,0,,
R31,201039114890369,14890369,,10020,0,,
S11,201153314886050,14886050,,25273,0,,
S40,200978514887635,14887635,,25474,0,,
XP1,201020014890266,14890266,,900312,0,,
R37,201057814888126,14888126,,10755,0,,
XP2,201185614891093,14891093,,2934,0,,
RE6,201108714890725,14890725,,2645,0,,
R31,200955714889929,14889929,,10033,0,,
RE8,200903414887163,14887163,,2811,0,,
R28,200936014889806,14889806,,910314,0,,
S1,200975414887620,14887620,,24127,0,,
RE6,200814914889213,14889213,,2648,0,,
S1,201124814888558,14888558,,24137,0,,
XP1,201018914890257,14890257,,900374,0,,
S7,201092414890638,14890638,,24745,0,,
S1,200867314889468,14889468,,24170,0,,
R25,201138714890867,14890867,,11290,0,,
R35,200880614889533,14889533,,10582,0,,
S3,200934814889795,14889795,,900855,0,,
R6,200960614889951,14889951,,10616,0,,
S5,200902814889648,14889648,,24550,0,,
R11,201122614890782,14890782,,10182,0,,
R2,200993014890122,14890122,,22658,0,,
R11,200965614887548,14887548,,10163,0,,
RE13,200861014886886,14886886,,2398,0,,
S10,200991214890107,14890107,,25168,0,,
S3,201021314890271,14890271,,900822,0,,
S3,200839614889328,14889328,,900837,0,,
RE6,200882914889550,14889550,,2635,0,,
XP2,200875514889500,14889500,,910337,0,,
S3,201182514891068,14891068,,900881,0,,
RE3,200977214890022,14890022,,909900,0,,
RE8,201094614890695,14890695,,2843,0,,
S9,201001514890147,14890147,,24916,0,,
S2,200797014902250,14902250,,24253,0,,
R2,201055714888117,14888117,,22665,0,,
R2,200941314889847,14889847,,22609,0,,
S1,200899114889608,14889608,,24115,0,,
RE80,201151014886031,14886031,,25203,0,,
S10,201137414890857,14890857,,25161,0,,
R7,201071714890530,14890530,,10725,0,,
R34,201056914888121,14888121,,10456,0,,
R38,201171314891019,14891019,,10872,0,,
S9,201022014890274,14890274,,24983,0,,
R28,201041114890385,14890385,,910307,0,,
R1,201190014891120,14891120,,10116,0,,
R16,201019414890261,14890261,,900678,0,,
R16,200821314886639,14886639,,901659,0,,
S13,200949514889877,14889877,,24393,0,,
RE5,201186614891099,14891099,,2552,0,,
R14,201000614887753,14887753,,25869,0,,
R18,200925214887294,14887294,,10415,0,,
R18,200973614887610,14887610,,10414,0,,
S8,201002414884967,14884967,,24800,0,,
S11,201152614886045,14886045,,25237,0,,
R8,200804114886513,14886513,,10817,0,,
S5,201052314890432,14890432,,24529,0,,
S13,201007214890194,14890194,,24339,0,,
S8,200848714889562,14889562,,24820,0,,
R35,201088014890611,14890611,,10579,0,,
S50,200939314889829,14889829,,25560,0,,
S8,201095814890741,14890741,,24833,0,,
S5,201101714888392,14888392,,24548,0,,
R16,201021714890273,14890273,,900656,0,,
RE1,200876014889504,14889504,,900061,0,,
R14,200945514889892,14889892,,25819,0,,
R31,201054414888104,14888104,,10043,0,,
R17,200888714889578,14889578,,900184,0,,
S8,200943814889954,14889954,,24857,0,,
XP1,200968814889982,14889982,,900392,0,,
XP1,200969414889987,14889987,,900354,0,,
S9,200950114887448,14887448,,24914,0,,
R22,200821014889242,14889242,,910045,0,,
XP1,200992814890120,14890120,,900349,0,,
S8,200814414886588,14886588,,24842,0,,
XP2,200839014889323,14889323,,910338,0,,
RE6,200910014889675,14889675,,2620,0,,
S50,201038614890364,14890364,,25574,0,,
XP2,200878414889517,14889517,,2942,0,,
R31,200859314886879,14886879,,10030,0,,
S50,200981014890030,14890030,,25584,0,,
RE5,200865314884054,14884054,,2527,0,,
R6,201010614890209,14890209,,10622,0,,
R31,201076014890547,14890547,,10064,0,,
S13,201148214890889,14890889,,24351,0,,
S6,200801114902718,14902718,,24682,0,,
RE7,201066514888171,14888171,,901128,0,,
S6,201143714902770,14902770,,24707,0,,
R21,201023514887918,14887918,,25308,0,,
R35,200956814889933,14889933,,10578,0,,
R6,201010714885031,14885031,,10610,0,,
RE8,200894414889639,14889639,,2816,0,,
R21,200878914884154,14884154,,25303,0,,
S7,200796614889856,14889856,,24761,0,,
S5,201005714890180,14890180,,24547,0,,
R17,201118514890762,14890762,,900126,0,,
S5,201047814888050,14888050,,24556,0,,
S9,201012114890222,14890222,,24936,0,,
R22,201109014890727,14890727,,900052,0,,
R22,201117614885802,14885802,,912074,0,,
S13,200902014889640,14889640,,24353,0,,
S1,201123314890788,14890788,,24177,0,,
S3,201084114890583,14890583,,900885,0,,
R7,201174814891032,14891032,,10743,0,,
R16,200819114886625,14886625,,901646,0,,
S50,200930014889764,14889764,,25583,0,,
S9,201164914890990,14890990,,934471,0,,
R1,201157814890955,14890955,,10121,0,,
S40,200927514887307,14887307,,25454,0,,
S2,200797114901898,14901898,,24221,0,,
RE6,200810814883667,14883667,,2660,0,,
R23,201049714888067,14888067,,10221,0,,
S1,201123814888550,14888550,,24138,0,,
S30,200941114889845,14889845,,25323,0,,
R4,201000914890140,14890140,,10916,0,,
RE6,201074914890543,14890543,,2625,0,,
XP2,201033614890324,14890324,,910347,0,,
S13,201103114890692,14890692,,24337,0,,
S50,200940114889836,14889836,,25555,0,,
S4,201032814890318,14890318,,900793,0,,
XP1,200985714890065,14890065,,900395,0,,
R34,200864714886915,14886915,,10465,0,,
RE3,201102314890686,14890686,,900951,0,,
R37,201108114890724,14890724,,10756,0,,
R23,200864914886917,14886917,,10205,0,,
R7,201027214890299,14890299,,10735,0,,
RE2,201013114890226,14890226,,2217,0,,
R16,201017014890244,14890244,,900628,0,,
R5,201054814888108,14888108,,10527,0,,
S40,201040714888031,14888031,,25470,0,,
S9,200963814887538,14887538,,24966,0,,
S5,201104714890705,14890705,,24571,0,,
R3,200818314889227,14889227,,900977,0,,
R36,200904014887167,14887167,,10679,0,,
S6,200799214902497,14902497,,24625,0,,
R2,201140914890880,14890880,,22651,0,,
R28,201181614891062,14891062,,910340,0,,
R38,201023314890280,14890280,,10878,0,,
S11,200851614889373,14889373,,25052,0,,
R38,201158714886088,14886088,,10892,0,,
R35,200808814889189,14889189,,10565,0,,
S50,201080014890555,14890555,,25586,0,,
S5,201101914888393,14888393,,24557,0,,
S13,201098714890648,14890648,,24382,0,,
S11,200999414890124,14890124,,25049,0,,
S13,201098914890650,14890650,,24355,0,,
XP1,201083414890577,14890577,,900345,0,,
R6,200826114883778,14883778,,10601,0,,
R5,200904314887171,14887171,,10513,0,,
S9,201112214888462,14888462,,24968,0,,
S3,200918914889722,14889722,,900846,0,,
R8,201001014890143,14890143,,10831,0,,
S11,201006014890182,14890182,,25038,0,,
XP1,201181014891056,14891056,,900367,0,,
R28,200985314890061,14890061,,910388,0,,
R16,201018314890253,14890253,,900666,0,,
R8,201003114890161,14890161,,10814,0,,
S6,201045814902674,14902674,,24671,0,,
S13,200953614884649,14884649,,24329,0,,
R28,201082814890572,14890572,,910356,0,,
R11,200922714889741,14889741,,10169,0,,
R41,200864814886916,14886916,,10966,0,,
R17,201118714888510,14888510,,901111,0,,
RE2,201187014886288,14886288,,2222,0,,
R2,200941214889846,14889846,,22631,0,,
S6,201042514902639,14902639,,24658,0,,
R2,201041214890386,14890386,,22642,0,,
S9,200857514889426,14889426,,24905,0,,
R28,201134514890837,14890837,,910335,0,,
R22,201133714890830,14890830,,910089,0,,
S11,201098014890641,14890641,,25061,0,,
RE2,200964314889960,14889960,,2245,0,,
R1,201041414890388,14890388,,10110,0,,
R8,201099614888365,14888365,,10836,0,,
R13,201110514890734,14890734,,10317,0,,
R22,200839914889329,14889329,,910015,0,,
R8,201048314888051,14888051,,10821,0,,
R6,201158414890957,14890957,,10621,0,,
S11,200851114889369,14889369,,25053,0,,
S13,200807514889179,14889179,,24330,0,,
S9,201068214888182,14888182,,931479,0,,
R34,200882614889549,14889549,,10455,0,,
R2,201106014888428,14888428,,22668,0,,
RE80,200887814884215,14884215,,25548,0,,
R31,200990814890104,14890104,,10056,0,,
R23,201049114888058,14888058,,10234,0,,
R3,201063414890484,14890484,,900985,0,,
S1,200925014887292,14887292,,24136,0,,
R22,201066714885433,14885433,,912082,0,,
RE13,201143614888687,14888687,,2339,0,,
R7,201071114890524,14890524,,10734,0,,
R3,200822314883750,14883750,,912919,0,,
S1,201152514890929,14890929,,24029,0,,
R21,200941014889844,14889844,,25338,0,,
S9,201064714888162,14888162,,931445,0,,
S13,200858214889431,14889431,,24314,0,,
R7,201188614891113,14891113,,10723,0,,
R17,201065514888166,14888166,,901163,0,,
R8,200853214886825,14886825,,10809,0,,
S1,200953114889908,14889908,,24041,0,,
S1,201073914890537,14890537,,24167,0,,
R6,200812914889207,14889207,,10628,0,,
R8,201155014890941,14890941,,10841,0,,
S4,201066114885424,14885424,,902768,0,,
R11,201073314890534,14890534,,10153,0,,
S8,201044514890471,14890471,,24880,0,,
S5,200902314889643,14889643,,24523,0,,
R27,200915314887231,14887231,,901229,0,,
R5,200955114887486,14887486,,10523,0,,
R31,200831014889288,14889288,,10072,0,,
R28,200940614889840,14889840,,2937,0,,
RE6,200923014889743,14889743,,2644,0,,
R3,201102614885689,14885689,,902974,0,,
R23,201190214888945,14888945,,10230,0,,
S3,201115514890753,14890753,,900878,0,,
R17,200966914889969,14889969,,900180,0,,
XP1,200985514890063,14890063,,900333,0,,
S3,201034514890331,14890331,,900827,0,,
R17,200823014889253,14889253,,900145,0,,
S4,200970214884767,14884767,,902734,0,,
S9,201016314887870,14887870,,931446,0,,
R28,201184414891084,14891084,,2929,0,,
R37,200906814889667,14889667,,10759,0,,
S13,201047914890399,14890399,,24331,0,,
RE2,201189114886307,14886307,,2257,0,,
R14,200893414889614,14889614,,25851,0,,
S6,200944614902764,14902764,,24703,0,,
RE5,200887914889572,14889572,,2569,0,,
S1,200867014886933,14886933,,24128,0,,
R27,200967914887568,14887568,,901214,0,,
S11,201098214890644,14890644,,25036,0,,
S1,201125314888561,14888561,,24131,0,,
XP1,201118414890761,14890761,,900330,0,,
R17,201065714885420,14885420,,902118,0,,
R35,200826614886675,14886675,,10584,0,,
RE8,201094914890702,14890702,,2835,0,,
XP2,201039814890373,14890373,,2958,0,,
S13,201098614890647,14890647,,24335,0,,
S4,200966714887557,14887557,,911606,0,,
R27,200825014886667,14886667,,901246,0,,
S40,200831114886703,14886703,,25434,0,,
R1,201106414888430,14888430,,10105,0,,
S11,200999614890126,14890126,,25060,0,,
R2,200808514886561,14886561,,22624,0,,
R13,201160214890963,14890963,,10326,0,,
S40,201028314887944,14887944,,25460,0,,
XP2,201071514890528,14890528,,910325,0,,
RE80,201052714890434,14890434,,25512,0,,
R23,201186314888915,14888915,,10245,0,,
S10,200928414889758,14889758,,25174,0,,
R18,200900414887134,14887134,,10426,0,,
R3,200968314889979,14889979,,900969,0,,
RE11,200976814890019,14890019,,2165,0,,
R17,200823314889255,14889255,,900168,0,,
S4,201183314891076,14891076,,900761,0,,
S50,201134214890835,14890835,,928346,0,,
R18,200864114886910,14886910,,10443,0,,
R5,200859714886880,14886880,,10531,0,,
R28,200844614889364,14889364,,910369,0,,
RE5,200927314889756,14889756,,2545,0,,
R17,200862314889448,14889448,,900160,0,,
S5,201005614890179,14890179,,24563,0,,
S13,201000314890133,14890133,,24318,0,,
R35,201155314890943,14890943,,10590,0,,
S8,200996214890219,14890219,,24836,0,,
S3,201032914890319,14890319,,900845,0,,
S5,201151914888711,14888711,,24541,0,,
S6,200801714902679,14902679,,24672,0,,
R36,200904114889656,14889656,,10684,0,,
XP2,200938914889826,14889826,,2922,0,,
R39,200828114886684,14886684,,10791,0,,
RE11,201121214888531,14888531,,2180,0,,
S13,201154214890937,14890937,,24319,0,,
R28,200878114889518,14889518,,2936,0,,
RE8,200798914889162,14889162,,2840,0,,
S50,201184814891087,14891087,,25581,0,,
R5,201155714890946,14890946,,10537,0,,
XP1,201116014890755,14890755,,900314,0,,
RE3,201004514890173,14890173,,900981,0,,
S1,201122514890783,14890783,,24142,0,,
R11,201015014887859,14887859,,10160,0,,
R36,200828214886685,14886685,,10662,0,,
R28,200844414889362,14889362,,2932,0,,
S6,200849114902607,14902607,,24651,0,,
RE80,201053914890445,14890445,,25520,0,,
S11,200954414889915,14889915,,25055,0,,
R28,200875314889498,14889498,,910316,0,,
S4,201018114885098,14885098,,902732,0,,
R28,200874614889491,14889491,,910311,0,,
S5,201051314890427,14890427,,24562,0,,
S4,201083814890580,14890580,,900791,0,,
R38,200948214889867,14889867,,10860,0,,
XP1,200837714889311,14889311,,900365,0,,
R17,201019514890262,14890262,,900173,0,,
R3,201114714890752,14890752,,900933,0,,
S30,200940214889837,14889837,,25340,0,,
RE2,200803414883589,14883589,,2262,0,,
R8,201048114890401,14890401,,10827,0,,
S9,200967814887567,14887567,,931422,0,,
S9,200918514889719,14889719,,934431,0,,
RE2,201125414890796,14890796,,2202,0,,
R1,200881714889543,14889543,,10133,0,,
S9,201105314888421,14888421,,24942,0,,
R34,200906414887179,14887179,,10476,0,,
S6,200905114902632,14902632,,24656,0,,
R4,200906214884330,14884330,,2658,0,,
S13,201055014890452,14890452,,24383,0,,
R31,200878614889519,14889519,,10024,0,,
S1,200924814889748,14889748,,24152,0,,
S11,200851214889370,14889370,,25057,0,,
R14,200799314889152,14889152,,25830,0,,
R3,200863514884040,14884040,,912956,0,,
R22,201170114891015,14891015,,910060,0,,
R31,200989914890095,14890095,,10049,0,,
S1,200925414887295,14887295,,24123,0,,
S6,200994614902772,14902772,,24708,0,,
R7,200990114890097,14890097,,10737,0,,
RE6,200924114889746,14889746,,2639,0,,
RE80,201003814890167,14890167,,25534,0,,
S1,200829314886691,14886691,,24133,0,,
S9,201161814888770,14888770,,24979,0,,
XP2,201084414890586,14890586,,910374,0,,
RE1,201009514885020,14885020,,902065,0,,
R7,200867714889472,14889472,,10732,0,,
R28,201181414891060,14891060,,910376,0,,
S6,201187814891105,14891105,,24613,0,,
R1,201047114890395,14890395,,10142,0,,
R14,200944714889868,14889868,,25831,0,,
R28,201082514890569,14890569,,910322,0,,
S10,200938414889822,14889822,,25184,0,,
R16,200918814887255,14887255,,901650,0,,
XP1,200823514889256,14889256,,900382,0,,
RE2,201138814890868,14890868,,2203,0,,
R14,201091714890664,14890664,,25818,0,,
XP1,201182714891070,14891070,,900375,0,,
S50,201035114890338,14890338,,928374,0,,
S4,200917814884407,14884407,,902746,0,,
S40,200868114886941,14886941,,25472,0,,
R13,201172114891021,14891021,,10329,0,,
R14,200993414890159,14890159,,25862,0,,
S1,201054014890446,14890446,,24180,0,,
S11,200856014889418,14889418,,25046,0,,
S11,201098114890643,14890643,,25040,0,,
RE80,201003714890166,14890166,,25518,0,,
RE4,200860714889442,14889442,,2443,0,,
R16,200839714886760,14886760,,901665,0,,
R22,200840214889332,14889332,,900055,0,,
S4,200986814890075,14890075,,900755,0,,
S9,201116514888495,14888495,,931471,0,,
R13,201111214890735,14890735,,10330,0,,
R16,200821614889246,14889246,,900632,0,,
R11,201122214890781,14890781,,10166,0,,
R28,201034314890328,14890328,,910324,0,,
R35,200859114889438,14889438,,10589,0,,
R31,201155614888733,14888733,,10047,0,,
S9,201014814890233,14890233,,24994,0,,
R2,201088714890616,14890616,,22655,0,,
S1,201123414890789,14890789,,24171,0,,
R16,201064414888160,14888160,,901622,0,,
R7,201023914890284,14890284,,10720,0,,
R22,200914614889696,14889696,,910072,0,,
RE80,201053714890443,14890443,,25535,0,,
S6,201044614902681,14902681,,24673,0,,
R38,201171414886184,14886184,,10895,0,,
R22,201035914890345,14890345,,900083,0,,
S13,201098514890646,14890646,,24325,0,,
S1,201000014890130,14890130,,24113,0,,
R4,201070814890520,14890520,,10929,0,,
S13,201151614886036,14886036,,24336,0,,
S9,201101014888386,14888386,,24971,0,,
R6,201010114890206,14890206,,10636,0,,
S1,201172814888836,14888836,,24130,0,,
S9,201118114888505,14888505,,931418,0,,
XP1,200932914889780,14889780,,900335,0,,
R28,200986314890071,14890071,,910344,0,,
R2,201007914887812,14887812,,22616,0,,
S50,201038114890362,14890362,,25590,0,,
S1,201104414890704,14890704,,24045,0,,
R4,200911314889684,14889684,,10914,0,,
R8,200899814887122,14887122,,10813,0,,
S50,200875414889499,14889499,,928350,0,,
RE80,200902514889645,14889645,,25508,0,,
RE6,201122114890780,14890780,,2642,0,,
R41,201140014888653,14888653,,10973,0,,
XP1,200970814889991,14889991,,900390,0,,
S1,200923414889745,14889745,,24169,0,,
R7,201189414886310,14886310,,10745,0,,
R8,201002814887773,14887773,,10811,0,,
S10,201184714891086,14891086,,25185,0,,
R7,201038814888014,14888014,,10714,0,,
S9,201119214888514,14888514,,931459,0,,
S1,200975914890015,14890015,,24165,0,,
R27,201169214888814,14888814,,901226,0,,
S4,201071414890527,14890527,,900777,0,,
S2,201145814901975,14901975,,24228,0,,
S10,201187514891106,14891106,,25182,0,,
R5,200957614889939,14889939,,10533,0,,
S13,200807614889180,14889180,,24367,0,,
RE80,201103914890698,14890698,,25525,0,,
R37,201156014890948,14890948,,10773,0,,
R16,200919614889727,14889727,,900680,0,,
RE4,201022514890277,14890277,,2413,0,,
S10,201039514890370,14890370,,25159,0,,
S1,200905914889663,14889663,,24047,0,,
S13,200803314889136,14889136,,24311,0,,
R28,201182414891067,14891067,,910339,0,,
S1,201124514890793,14890793,,24144,0,,
S2,201093314902228,14902228,,24251,0,,
R31,201007614890195,14890195,,10069,0,,
S13,201150914890922,14890922,,24392,0,,
S3,200876214889506,14889506,,900817,0,,
S50,201138614890866,14890866,,25582,0,,
RE13,200942314887428,14887428,,2373,0,,
S4,200863214884038,14884038,,902742,0,,
S1,200975314890013,14890013,,24172,0,,
RE80,200902914889650,14889650,,25526,0,,
R1,201042014890393,14890393,,10129,0,,
R14,201011714887839,14887839,,25820,0,,
R16,200921214889735,14889735,,900640,0,,
S7,200993314890214,14890214,,24740,0,,
S7,201145014890951,14890951,,24768,0,,
RE80,200903214889651,14889651,,25510,0,,
S9,200965114889962,14889962,,24956,0,,
S50,200837914889313,14889313,,928382,0,,
S5,201153214890933,14890933,,24546,0,,
RE5,200817014889219,14889219,,2521,0,,
S9,200892814889603,14889603,,934466,0,,
S9,200922314887277,14887277,,24918,0,,
S9,201163414890983,14890983,,24993,0,,
S13,200807814889182,14889182,,24360,0,,
S7,200943914889855,14889855,,24757,0,,
S9,201061014888143,14888143,,24975,0,,
R27,200888014887073,14887073,,901250,0,,
S8,201142414890964,14890964,,24832,0,,
R16,201082714890571,14890571,,900677,0,,
R13,201076814888248,14888248,,10307,0,,
R5,200859914886882,14886882,,10534,0,,
RE13,200895214887113,14887113,,2369,0,,
R22,200875614889501,14889501,,910065,0,,
S8,200802314889210,14889210,,24889,0,,
R17,200919014889723,14889723,,900154,0,,
R1,201008114890198,14890198,,10117,0,,
R27,201117114888497,14888497,,901217,0,,
R2,200882114889546,14889546,,22675,0,,
RE4,201089114890619,14890619,,2419,0,,
S9,201050114890419,14890419,,24941,0,,
R16,200935614889805,14889805,,900635,0,,
RE2,201060814890476,14890476,,2219,0,,
S50,201132414890820,14890820,,928354,0,,
S9,201011914887842,14887842,,24929,0,,
RE5,201024514885154,14885154,,2570,0,,
RE13,200810414883663,14883663,,2362,0,,
RE13,200897714887124,14887124,,2377,0,,
R13,200880014889530,14889530,,10336,0,,
R28,200934914889796,14889796,,910360,0,,
R14,200993714890158,14890158,,25838,0,,
R35,200827314886677,14886677,,10585,0,,
R27,201169614888818,14888818,,901224,0,,
RE8,200896814889649,14889649,,2839,0,,
S2,201045114901920,14901920,,24223,0,,
R22,200818414889228,14889228,,910028,0,,
S8,200815014886597,14886597,,24862,0,,
R5,200956314887496,14887496,,10526,0,,
R27,201166514888797,14888797,,901270,0,,
S6,200799714902664,14902664,,24666,0,,
S9,201049314888063,14888063,,24930,0,,
S5,201151514890923,14890923,,24526,0,,
S10,200878214889515,14889515,,25178,0,,
S50,201089414890622,14890622,,25559,0,,
R7,201075214890546,14890546,,10739,0,,
R16,201165214886125,14886125,,902683,0,,
S1,200866714886931,14886931,,24145,0,,
RE80,201003514884979,14884979,,25200,0,,
S40,201076714888247,14888247,,25426,0,,
XP1,201067014890497,14890497,,900346,0,,
RE5,201164414890986,14890986,,2528,0,,
S13,201008014890197,14890197,,24350,0,,
R35,201124014890790,14890790,,10588,0,,
S8,200814714886593,14886593,,24831,0,,
S7,201000714887754,14887754,,24728,0,,
S9,200963414889958,14889958,,24996,0,,
S4,201180314891051,14891051,,900751,0,,
R1,201041914890392,14890392,,10131,0,,
R38,200964414889961,14889961,,10859,0,,
RE5,200887514889571,14889571,,2553,0,,
R27,200862114886897,14886897,,901266,0,,
R22,200812314889203,14889203,,900044,0,,
S8,200814514886590,14886590,,24871,0,,
R31,201186814891101,14891101,,10048,0,,
RE4,200922014889738,14889738,,2418,0,,
R1,201189714891117,14891117,,10515,0,,
S9,200968514887574,14887574,,931434,0,,
RE7,201166714886143,14886143,,902169,0,,
R34,201047214890396,14890396,,10470,0,,
R3,200920214884425,14884425,,912944,0,,
S2,200797914901986,14901986,,24229,0,,
S6,200847714902488,14902488,,24622,0,,
S6,201094714902602,14902602,,24650,0,,
R31,200904414889658,14889658,,10065,0,,
R1,201154514888724,14888724,,10106,0,,
S5,201104114890700,14890700,,24555,0,,
R7,200977114890021,14890021,,10731,0,,
R6,201159414886091,14886091,,10647,0,,
S3,201166614890997,14890997,,900826,0,,
R11,200965214889963,14889963,,10192,0,,
S50,200991714890114,14890114,,25594,0,,
S8,200995014890217,14890217,,24848,0,,
R22,200862614889450,14889450,,910022,0,,
RE2,200925514889749,14889749,,2232,0,,
R28,201185314891091,14891091,,2953,0,,
RE11,201027514890300,14890300,,2179,0,,
S5,201100614888381,14888381,,24560,0,,
S5,201148714888678,14888678,,24561,0,,
R27,201117514888501,14888501,,901235,0,,
R7,201088114890612,14890612,,10738,0,,
S9,200816114886602,14886602,,24952,0,,
S5,201152714888713,14888713,,24535,0,,
R3,200824314889260,14889260,,900940,0,,
R18,200864214886911,14886911,,10421,0,,
RE5,200826914883783,14883783,,2571,0,,
R23,201148514888674,14888674,,10238,0,,
S11,200806214889165,14889165,,25031,0,,
XP1,201084714890588,14890588,,900343,0,,
S6,200896214902672,14902672,,24670,0,,
S40,200868914886945,14886945,,25466,0,,
XP2,200992114890117,14890117,,2939,0,,
R2,201189914891119,14891119,,22618,0,,
XP1,200820014889236,14889236,,900344,0,,
R5,201007014890189,14890189,,10532,0,,
R25,201138514888642,14888642,,11275,0,,
S5,200852314886815,14886815,,24520,0,,
R34,201050014890418,14890418,,10475,0,,
R8,200899314889610,14889610,,10830,0,,
S4,200822114889250,14889250,,910610,0,,
S2,200847314902338,14902338,,24261,0,,
RE80,200806414889167,14889167,,25523,0,,
RE13,201056814888120,14888120,,2384,0,,
S11,201005214890177,14890177,,25026,0,,
RE80,200954714889918,14889918,,25509,0,,
R38,201072314885480,14885480,,10899,0,,
R27,200966314887554,14887554,,901244,0,,
R2,201140314888655,14888655,,22625,0,,
RE2,200964014889959,14889959,,2213,0,,
RE6,201071914885477,14885477,,2608,0,,
S40,201175414888848,14888848,,25428,0,,
R36,200991514890110,14890110,,10680,0,,
S3,200986614890074,14890074,,900831,0,,
S3,201035214890339,14890339,,900883,0,,
R40,201074514888231,14888231,,10006,0,,
R5,200956714889932,14889932,,10536,0,,
S6,200897614902708,14902708,,24680,0,,
R16,200934314889792,14889792,,900657,0,,
S4,200916014884394,14884394,,902762,0,,
R31,200807414889178,14889178,,10076,0,,
R27,201065114888164,14888164,,901213,0,,
RE11,201075114890544,14890544,,2185,0,,
RE6,200975214890012,14890012,,2637,0,,
XP1,200916214889703,14889703,,900360,0,,
R2,201002714887771,14887771,,22664,0,,
R14,201045014890420,14890420,,25859,0,,
R18,201052014888086,14888086,,10430,0,,
S9,201162514890979,14890979,,24997,0,,
R5,201156414888741,14888741,,10522,0,,
S13,200951614889902,14889902,,24349,0,,
R1,201190114891121,14891121,,10128,0,,
S50,201085114885575,14885575,,928314,0,,
R22,200862814889451,14889451,,910017,0,,
S2,200996414902107,14902107,,24240,0,,
R17,200822714889251,14889251,,900146,0,,
S9,201014714890232,14890232,,24981,0,,
S13,200957414889937,14889937,,24366,0,,
S8,201060014888136,14888136,,24822,0,,
RE6,200974814890010,14890010,,2641,0,,
RE8,200845414889425,14889425,,2821,0,,
RE1,200883114889551,14889551,,900058,0,,
R6,201010314890207,14890207,,10613,0,,
S40,201175514888849,14888849,,25476,0,,
R22,201169914886170,14886170,,912026,0,,
RE6,201060514890473,14890473,,2615,0,,
R22,201109114890728,14890728,,900036,0,,
R7,201126414890801,14890801,,10728,0,,
S9,200822914886649,14886649,,931409,0,,
R35,201125014888560,14888560,,10562,0,,
R27,201167914888807,14888807,,901223,0,,
S3,201016014890239,14890239,,900834,0,,
R6,201059214890467,14890467,,10634,0,,
R34,200861114886887,14886887,,10468,0,,
R7,200973014890004,14890004,,2697,0,,
S13,201051414890428,14890428,,24389,0,,
R5,200955414889926,14889926,,10516,0,,
XP1,201018714890255,14890255,,900384,0,,
R3,200839214889324,14889324,,910915,0,,
RE4,200990414890100,14890100,,2414,0,,
R3,201050914888080,14888080,,901910,0,,
S2,201045414902052,14902052,,24235,0,,
R7,201002914890160,14890160,,10716,0,,
RE2,200886614889565,14889565,,2216,0,,
R21,200991614887725,14887725,,25309,0,,
S1,201102414890684,14890684,,24025,0,,
S3,200890514889590,14889590,,900836,0,,
S50,201036814890352,14890352,,928378,0,,
R27,200862214886898,14886898,,901232,0,,
R17,200890814884242,14884242,,902162,0,,
S11,200999314890123,14890123,,25037,0,,
S11,200999814890128,14890128,,25056,0,,
R6,201110214885739,14885739,,10649,0,,
R31,200991814890115,14890115,,10053,0,,
R22,200967014889970,14889970,,910091,0,,
R28,201070514890521,14890521,,2969,0,,
S7,200813414886581,14886581,,24732,0,,
S2,200845714902184,14902184,,24247,0,,
RE6,201012414890224,14890224,,2614,0,,
R37,201157914890956,14890956,,10774,0,,
XP1,200838714889320,14889320,,900379,0,,
R13,200961114889955,14889955,,10339,0,,
RE2,200899214884263,14884263,,2275,0,,
R11,201024814890287,14890287,,10173,0,,
R38,200972614890003,14890003,,10869,0,,
R14,201093914890658,14890658,,25874,0,,
R11,200827914889274,14889274,,10183,0,,
RE80,200953714889912,14889912,,25522,0,,
S6,200847514902644,14902644,,24659,0,,
S2,200850214901942,14901942,,24225,0,,
R17,200863614889455,14889455,,900144,0,,
S5,201053014890435,14890435,,24542,0,,
RE5,200913814889693,14889693,,2533,0,,
R22,201020114885110,14885110,,912085,0,,
S11,201103414885698,14885698,,25245,0,,
S50,200929514889762,14889762,,25566,0,,
S9,200964614887543,14887543,,24950,0,,
R28,201181514891061,14891061,,910357,0,,
RE6,200975714890014,14890014,,2631,0,,
S11,201003414890163,14890163,,25059,0,,
S1,201123614888549,14888549,,24114,0,,
R12,200827014889271,14889271,,10290,0,,
R6,201010414890208,14890208,,10625,0,,
S7,200995814890213,14890213,,24736,0,,
R38,201121314890775,14890775,,10875,0,,
RE8,201100914885672,14885672,,2858,0,,
R28,200844514889363,14889363,,2927,0,,
R7,200925914889751,14889751,,10736,0,,
R28,200842014889344,14889344,,2925,0,,
R11,200914314887224,14887224,,10176,0,,
RE8,200845614889412,14889412,,2820,0,,
S4,200985414890062,14890062,,900749,0,,
R13,201066314890492,14890492,,10335,0,,
S1,201172914888837,14888837,,24121,0,,
S4,200892314884251,14884251,,902720,0,,
S2,200997114902041,14902041,,24234,0,,
XP1,201165614890994,14890994,,900368,0,,
RE4,201024014890285,14890285,,2411,0,,
RE11,200829714889282,14889282,,2178,0,,
R16,201033114890321,14890321,,900647,0,,
R22,201170414888822,14888822,,911044,0,,
S4,201082614890570,14890570,,900789,0,,
XP1,201084814890589,14890589,,900313,0,,
R27,201119614888517,14888517,,901280,0,,
R27,200917014887244,14887244,,901231,0,,
R31,200957314884679,14884679,,10022,0,,
S8,200945914889957,14889957,,24873,0,,
R18,201120914888528,14888528,,10418,0,,
S50,201040314890378,14890378,,25579,0,,
RE8,200800614889172,14889172,,2838,0,,
S9,201014214887853,14887853,,24934,0,,
R27,200819014886624,14886624,,901255,0,,
S4,200984714890055,14890055,,900757,0,,
R3,200838314883859,14883859,,912965,0,,
R5,201055114890456,14890456,,10543,0,,
R6,201058714890466,14890466,,10612,0,,
S40,200868214886944,14886944,,25410,0,,
S6,200893814902622,14902622,,24654,0,,
S11,200953214884644,14884644,,25227,0,,
S7,200846314889382,14889382,,24741,0,,
S4,200839314889325,14889325,,900781,0,,
R7,200939214889828,14889828,,10730,0,,
S11,200900214889624,14889624,,25069,0,,
R2,200904614887170,14887170,,22648,0,,
R11,200922614889740,14889740,,10161,0,,
S13,201048014890400,14890400,,24371,0,,
XP1,201116814890757,14890757,,900378,0,,
S9,201115714888486,14888486,,931423,0,,
R28,201137614890858,14890858,,2920,0,,
R6,201109614890730,14890730,,10632,0,,
RE2,200922414884443,14884443,,2276,0,,
R22,201020214885112,14885112,,912062,0,,
S8,200909614887192,14887192,,24858,0,,
S1,200905814889662,14889662,,24022,0,,
R3,200884214889555,14889555,,900964,0,,
R2,200882214889547,14889547,,22626,0,,
S8,201143914890967,14890967,,24853,0,,
R17,200861814886894,14886894,,901115,0,,
S13,200860414889441,14889441,,24361,0,,
R17,200889114889582,14889582,,900188,0,,
S1,201025714890293,14890293,,24168,0,,
S11,200851714889374,14889374,,25032,0,,
S11,200951714889903,14889903,,25047,0,,
S10,200992214890118,14890118,,25170,0,,
S50,201088314890614,14890614,,25553,0,,
R7,200880314887022,14887022,,10715,0,,
R2,201090914890634,14890634,,22604,0,,
R6,201062614885398,14885398,,10648,0,,
S7,200996514890210,14890210,,24753,0,,
RE6,201172714891025,14891025,,2634,0,,
S1,200947814889861,14889861,,24178,0,,
S7,200892414887104,14887104,,24726,0,,
S4,200985814890066,14890066,,900735,0,,
S1,201121914890779,14890779,,24148,0,,
R3,201063114885401,14885401,,912932,0,,
R22,200839114886754,14886754,,911069,0,,
S6,200946014902766,14902766,,24705,0,,
R38,200974314884797,14884797,,10898,0,,
R27,201114414888477,14888477,,901245,0,,
R2,201190514891123,14891123,,22663,0,,
R21,200921614884438,14884438,,25306,0,,
S11,200854614883971,14883971,,25261,0,,
S10,201040514890380,14890380,,25164,0,,
R38,201022414890276,14890276,,10870,0,,
R18,200903114887160,14887160,,10436,0,,
S3,201020714890268,14890268,,900886,0,,
R14,200845814889395,14889395,,25878,0,,
R17,201115114888482,14888482,,901182,0,,
S4,201034414890329,14890329,,900783,0,,
XP1,201084314890585,14890585,,900319,0,,
R16,201116714888493,14888493,,901626,0,,
S13,200856814889421,14889421,,24328,0,,
R5,201154714890940,14890940,,10518,0,,
S3,201167114890999,14890999,,900818,0,,
R28,200940814889842,14889842,,2933,0,,
S11,201005314884994,14884994,,25090,0,,
S5,200899614887118,14887118,,24513,0,,
S6,200996114902670,14902670,,24669,0,,
XP2,201188014891110,14891110,,2947,0,,
S11,200806314889166,14889166,,25071,0,,
R18,201004014887784,14887784,,10440,0,,
R21,200950814889896,14889896,,25341,0,,
R28,200933614889786,14889786,,910352,0,,
S1,200866814889467,14889467,,24150,0,,
R27,201117314888499,14888499,,901211,0,,
S5,201148614888675,14888675,,24549,0,,
S50,200991014890106,14890106,,25552,0,,
R37,200858614889434,14889434,,10775,0,,
R21,201175614891036,14891036,,25393,0,,
S4,200838214889316,14889316,,900743,0,,
R14,200962114887531,14887531,,25865,0,,
R38,201070214890517,14890517,,10876,0,,
R38,201101114890678,14890678,,10854,0,,
R38,200920914889736,14889736,,10873,0,,
R6,200812614889205,14889205,,10637,0,,
RE2,201189214886308,14886308,,2260,0,,
S1,200829414889279,14889279,,24160,0,,
S4,200986114890069,14890069,,900739,0,,
R23,200865714886922,14886922,,10244,0,,
S5,200857214889422,14889422,,24558,0,,
R37,201008514887817,14887817,,10781,0,,
R21,200826314883780,14883780,,25326,0,,
R11,201061914888144,14888144,,10159,0,,
S6,200798114902517,14902517,,24631,0,,
XP1,201134314890836,14890836,,900377,0,,
RE13,200811514889200,14889200,,2347,0,,
R31,200859214886878,14886878,,10062,0,,
R16,201114914890750,14890750,,900660,0,,
S13,201008314890200,14890200,,24346,0,,
S10,200988614890086,14890086,,25155,0,,
S11,200856114883980,14883980,,25255,0,,
S8,200897514889678,14889678,,24829,0,,
S9,200966814887558,14887558,,931450,0,,
S3,201021114890270,14890270,,900806,0,,
S13,201098814890649,14890649,,24378,0,,
R17,200966614887556,14887556,,901181,0,,
S11,201005014884992,14884992,,25221,0,,
R31,200844114886795,14886795,,10025,0,,
RE8,200800914889177,14889177,,2815,0,,
S9,201000514890139,14890139,,24925,0,,
XP2,201181314891059,14891059,,910354,0,,
S1,201073514888223,14888223,,24141,0,,
R36,200858714889435,14889435,,10676,0,,
R27,201169814888819,14888819,,901236,0,,
R14,201045714890410,14890410,,25854,0,,
R38,201188714891114,14891114,,10881,0,,
R37,200906714889666,14889666,,10783,0,,
R37,200807914889183,14889183,,10767,0,,
R6,200859814889439,14889439,,10638,0,,
RE1,200811914889201,14889201,,900070,0,,
R40,200976714887627,14887627,,10004,0,,
R13,200922514889739,14889739,,10327,0,,
S1,201153014890931,14890931,,24176,0,,
R6,201172414886188,14886188,,10604,0,,
S9,200964814889965,14889965,,24904,0,,
R36,201055414890455,14890455,,10689,0,,
S11,201051514885331,14885331,,25219,0,,
R14,200848814889386,14889386,,25870,0,,
S3,200820114889237,14889237,,900828,0,,
S13,201006314890184,14890184,,24373,0,,
R7,200843014889352,14889352,,10742,0,,
R1,201023714890283,14890283,,10102,0,,
S1,201103714890697,14890697,,24095,0,,
R2,201090714885624,14885624,,22638,0,,
S8,200995314890211,14890211,,24837,0,,
R25,200842114886777,14886777,,11265,0,,
RE4,200825714889268,14889268,,2416,0,,
R4,200815814889216,14889216,,10945,0,,
S9,201064614888161,14888161,,931413,0,,
R31,201040814890382,14890382,,10028,0,,
S4,201115014890751,14890751,,900788,0,,
R31,200993114888023,14888023,,10085,0,,
R34,200958814889944,14889944,,10458,0,,
R38,201163214890982,14890982,,10884,0,,
S6,201146014902597,14902597,,24649,0,,
R1,200808314886560,14886560,,10112,0,,
R28,200934614889793,14889793,,910361,0,,
R28,201039014890367,14890367,,2940,0,,
RE13,200959214887512,14887512,,3007,0,,
XP1,201016914890243,14890243,,900340,0,,
RE5,200966014889968,14889968,,2512,0,,
S5,200901114887140,14887140,,24512,0,,
R28,201136714890851,14890851,,2957,0,,
R38,201070414890518,14890518,,10867,0,,
S40,201076114888242,14888242,,25480,0,,
S7,201113614888472,14888472,,24719,0,,
RE3,200854214889408,14889408,,900960,0,,
S50,201134114890834,14890834,,928342,0,,
S8,200801814889211,14889211,,24881,0,,
RE8,201048214885287,14885287,,2863,0,,
R31,201138214888640,14888640,,10070,0,,
S4,201119014885818,14885818,,902738,0,,
R11,201164514888786,14888786,,10180,0,,
R18,200973214887606,14887606,,10439,0,,
S9,201166914888800,14888800,,931453,0,,
R18,200953314887471,14887471,,10432,0,,
R2,200956514887498,14887498,,22661,0,,
R31,200842414886780,14886780,,10046,0,,
R6,201010814885032,14885032,,10603,0,,
S50,201178614891039,14891039,,25569,0,,
R22,200883514889552,14889552,,900046,0,,
RE80,201153914890936,14890936,,25506,0,,
S1,200866314889466,14889466,,24154,0,,
R22,201065814888167,14888167,,911054,0,,
RE1,201058214890463,14890463,,900020,0,,
S6,200850014902562,14902562,,24642,0,,
RE4,201139914890876,14890876,,2439,0,,
R27,201016414887871,14887871,,901249,0,,
XP1,201017514890247,14890247,,900304,0,,
R36,201173514888842,14888842,,10698,0,,
S2,201141714902063,14902063,,24236,0,,
R31,201138414890865,14890865,,10060,0,,
S13,200807314883644,14883644,,24333,0,,
S6,200944214902482,14902482,,24619,0,,